[2026-08-13 08:03:58.712] ERRO GERAL - 

            SELECT

              X.NUMEMP,
              X.TIPCOL,
              X.NUMCAD,
              X.NOMFUN,
              X.CODBNF,
              X.DATINI,
              X.DATFIM

            FROM R057DIB DIB

            INNER JOIN R034FUN FUN

            ON FUN.NUMEMP = DIB.NUMEMP
            AND FUN.TIPCOL = DIB.TIPCOL
            AND FUN.NUMCAD = DIB.NUMCAD

            WHERE FUN.SITAFA <> 7

            AND FUN.TIPCOL = 1

            AND DIB.QTDREB = 0

            AND DIB.DATFIM >= TRUNC(SYSDATE)

         - ORA-00904: "X"."DATFIM": invalid identifier
Help: https://docs.oracle.com/error-help/db/ora-00904/
[2026-08-13 08:04:59.013] [FK2665724] REMOVER 819117 - FALHA AO REMOVER USUARIO: {
	"statusCode":	2,
	"statusString":	"Device Busy",
	"subStatusCode":	"deviceBusy",
	"errorCode":	536870916,
	"errorMsg":	"employeeNo"
}
[2026-08-13 08:04:59.030] [FK2665724] REMOVER 512011 - FALHA AO REMOVER USUARIO: {
	"statusCode":	2,
	"statusString":	"Device Busy",
	"subStatusCode":	"deviceBusy",
	"errorCode":	536870916,
	"errorMsg":	"employeeNo"
}
[2026-08-13 08:04:59.070] [FK2665724] REMOVER 531921 - FALHA AO REMOVER USUARIO: {
	"statusCode":	2,
	"statusString":	"Device Busy",
	"subStatusCode":	"deviceBusy",
	"errorCode":	536870916,
	"errorMsg":	"employeeNo"
}
[2026-08-13 08:04:59.085] [FK2665724] REMOVER 531932 - FALHA AO REMOVER USUARIO: {
	"statusCode":	2,
	"statusString":	"Device Busy",
	"subStatusCode":	"deviceBusy",
	"errorCode":	536870916,
	"errorMsg":	"employeeNo"
}
[2026-08-13 08:04:59.098] [FK2665724] REMOVER 532121 - FALHA AO REMOVER USUARIO: {
	"statusCode":	2,
	"statusString":	"Device Busy",
	"subStatusCode":	"deviceBusy",
	"errorCode":	536870916,
	"errorMsg":	"employeeNo"
}
[2026-08-13 08:04:59.112] [FK2665724] REMOVER 532362 - FALHA AO REMOVER USUARIO: {
	"statusCode":	2,
	"statusString":	"Device Busy",
	"subStatusCode":	"deviceBusy",
	"errorCode":	536870916,
	"errorMsg":	"employeeNo"
}
[2026-08-13 08:04:59.125] [FK2665724] REMOVER 532494 - FALHA AO REMOVER USUARIO: {
	"statusCode":	2,
	"statusString":	"Device Busy",
	"subStatusCode":	"deviceBusy",
	"errorCode":	536870916,
	"errorMsg":	"employeeNo"
}
[2026-08-13 08:04:59.134] [FK2665724] REMOVER 532631 - FALHA AO REMOVER USUARIO: {
	"statusCode":	2,
	"statusString":	"Device Busy",
	"subStatusCode":	"deviceBusy",
	"errorCode":	536870916,
	"errorMsg":	"employeeNo"
}
[2026-08-13 08:04:59.143] [FK2665724] REMOVER 532733 - FALHA AO REMOVER USUARIO: {
	"statusCode":	2,
	"statusString":	"Device Busy",
	"subStatusCode":	"deviceBusy",
	"errorCode":	536870916,
	"errorMsg":	"employeeNo"
}
[2026-08-13 08:04:59.492] [FK2665724] REMOVER 532818 - FALHA AO REMOVER USUARIO: {
	"statusCode":	2,
	"statusString":	"Device Busy",
	"subStatusCode":	"deviceBusy",
	"errorCode":	536870916,
	"errorMsg":	"employeeNo"
}
[2026-08-13 08:04:59.502] [FK2665724] REMOVER 532859 - FALHA AO REMOVER USUARIO: {
	"statusCode":	2,
	"statusString":	"Device Busy",
	"subStatusCode":	"deviceBusy",
	"errorCode":	536870916,
	"errorMsg":	"employeeNo"
}
[2026-08-13 08:04:59.512] [FK2665724] REMOVER 532970 - FALHA AO REMOVER USUARIO: {
	"statusCode":	2,
	"statusString":	"Device Busy",
	"subStatusCode":	"deviceBusy",
	"errorCode":	536870916,
	"errorMsg":	"employeeNo"
}
[2026-08-13 08:04:59.530] [FK2665724] REMOVER 533056 - FALHA AO REMOVER USUARIO: {
	"statusCode":	2,
	"statusString":	"Device Busy",
	"subStatusCode":	"deviceBusy",
	"errorCode":	536870916,
	"errorMsg":	"employeeNo"
}
[2026-08-13 08:04:59.542] [FK2665724] REMOVER 533087 - FALHA AO REMOVER USUARIO: {
	"statusCode":	2,
	"statusString":	"Device Busy",
	"subStatusCode":	"deviceBusy",
	"errorCode":	536870916,
	"errorMsg":	"employeeNo"
}
[2026-08-13 08:04:59.557] [FK2665724] REMOVER 533102 - FALHA AO REMOVER USUARIO: {
	"statusCode":	2,
	"statusString":	"Device Busy",
	"subStatusCode":	"deviceBusy",
	"errorCode":	536870916,
	"errorMsg":	"employeeNo"
}
[2026-08-13 08:04:59.609] [FK2665724] REMOVER 533210 - FALHA AO REMOVER USUARIO: {
	"statusCode":	2,
	"statusString":	"Device Busy",
	"subStatusCode":	"deviceBusy",
	"errorCode":	536870916,
	"errorMsg":	"employeeNo"
}
[2026-08-13 08:04:59.621] [FK2665724] REMOVER 533330 - FALHA AO REMOVER USUARIO: {
	"statusCode":	2,
	"statusString":	"Device Busy",
	"subStatusCode":	"deviceBusy",
	"errorCode":	536870916,
	"errorMsg":	"employeeNo"
}
[2026-08-13 08:04:59.978] [FK2665724] REMOVER 533431 - FALHA AO REMOVER USUARIO: {
	"statusCode":	2,
	"statusString":	"Device Busy",
	"subStatusCode":	"deviceBusy",
	"errorCode":	536870916,
	"errorMsg":	"employeeNo"
}
[2026-08-13 08:04:59.989] [FK2665724] REMOVER 533490 - FALHA AO REMOVER USUARIO: {
	"statusCode":	2,
	"statusString":	"Device Busy",
	"subStatusCode":	"deviceBusy",
	"errorCode":	536870916,
	"errorMsg":	"employeeNo"
}
[2026-08-13 08:05:00.001] [FK2665724] REMOVER 533550 - FALHA AO REMOVER USUARIO: {
	"statusCode":	2,
	"statusString":	"Device Busy",
	"subStatusCode":	"deviceBusy",
	"errorCode":	536870916,
	"errorMsg":	"employeeNo"
}
[2026-08-13 08:05:00.018] [FK2665724] REMOVER 533553 - FALHA AO REMOVER USUARIO: {
	"statusCode":	2,
	"statusString":	"Device Busy",
	"subStatusCode":	"deviceBusy",
	"errorCode":	536870916,
	"errorMsg":	"employeeNo"
}
[2026-08-13 08:05:00.032] [FK2665724] REMOVER 533569 - FALHA AO REMOVER USUARIO: {
	"statusCode":	2,
	"statusString":	"Device Busy",
	"subStatusCode":	"deviceBusy",
	"errorCode":	536870916,
	"errorMsg":	"employeeNo"
}
[2026-08-13 08:05:00.042] [FK2665724] REMOVER 533785 - FALHA AO REMOVER USUARIO: {
	"statusCode":	2,
	"statusString":	"Device Busy",
	"subStatusCode":	"deviceBusy",
	"errorCode":	536870916,
	"errorMsg":	"employeeNo"
}
[2026-08-13 08:05:00.066] [FK2665724] REMOVER 533855 - FALHA AO REMOVER USUARIO: {
	"statusCode":	2,
	"statusString":	"Device Busy",
	"subStatusCode":	"deviceBusy",
	"errorCode":	536870916,
	"errorMsg":	"employeeNo"
}
[2026-08-13 08:05:00.075] [FK2665724] REMOVER 534000 - FALHA AO REMOVER USUARIO: {
	"statusCode":	2,
	"statusString":	"Device Busy",
	"subStatusCode":	"deviceBusy",
	"errorCode":	536870916,
	"errorMsg":	"employeeNo"
}
[2026-08-13 08:05:00.409] [FK2665724] REMOVER 534107 - FALHA AO REMOVER USUARIO: {
	"statusCode":	2,
	"statusString":	"Device Busy",
	"subStatusCode":	"deviceBusy",
	"errorCode":	536870916,
	"errorMsg":	"employeeNo"
}
[2026-08-13 08:05:00.439] [FK2665724] REMOVER 534191 - FALHA AO REMOVER USUARIO: {
	"statusCode":	2,
	"statusString":	"Device Busy",
	"subStatusCode":	"deviceBusy",
	"errorCode":	536870916,
	"errorMsg":	"employeeNo"
}
[2026-08-13 08:05:00.451] [FK2665724] REMOVER 534206 - FALHA AO REMOVER USUARIO: {
	"statusCode":	2,
	"statusString":	"Device Busy",
	"subStatusCode":	"deviceBusy",
	"errorCode":	536870916,
	"errorMsg":	"employeeNo"
}
[2026-08-13 08:05:00.461] [FK2665724] REMOVER 534242 - FALHA AO REMOVER USUARIO: {
	"statusCode":	2,
	"statusString":	"Device Busy",
	"subStatusCode":	"deviceBusy",
	"errorCode":	536870916,
	"errorMsg":	"employeeNo"
}
[2026-08-13 08:05:00.477] [FK2665724] REMOVER 534254 - FALHA AO REMOVER USUARIO: {
	"statusCode":	2,
	"statusString":	"Device Busy",
	"subStatusCode":	"deviceBusy",
	"errorCode":	536870916,
	"errorMsg":	"employeeNo"
}
[2026-08-13 08:05:00.488] [FK2665724] REMOVER 534476 - FALHA AO REMOVER USUARIO: {
	"statusCode":	2,
	"statusString":	"Device Busy",
	"subStatusCode":	"deviceBusy",
	"errorCode":	536870916,
	"errorMsg":	"employeeNo"
}
[2026-08-13 08:05:00.501] [FK2665724] REMOVER 534483 - FALHA AO REMOVER USUARIO: {
	"statusCode":	2,
	"statusString":	"Device Busy",
	"subStatusCode":	"deviceBusy",
	"errorCode":	536870916,
	"errorMsg":	"employeeNo"
}
[2026-08-13 08:05:00.514] [FK2665724] REMOVER 534526 - FALHA AO REMOVER USUARIO: {
	"statusCode":	2,
	"statusString":	"Device Busy",
	"subStatusCode":	"deviceBusy",
	"errorCode":	536870916,
	"errorMsg":	"employeeNo"
}
[2026-08-13 08:05:00.866] [FK2665724] REMOVER 534610 - FALHA AO REMOVER USUARIO: {
	"statusCode":	2,
	"statusString":	"Device Busy",
	"subStatusCode":	"deviceBusy",
	"errorCode":	536870916,
	"errorMsg":	"employeeNo"
}
[2026-08-13 08:05:00.886] [FK2665724] REMOVER 534990 - FALHA AO REMOVER USUARIO: {
	"statusCode":	2,
	"statusString":	"Device Busy",
	"subStatusCode":	"deviceBusy",
	"errorCode":	536870916,
	"errorMsg":	"employeeNo"
}
[2026-08-13 08:05:00.896] [FK2665724] REMOVER 535042 - FALHA AO REMOVER USUARIO: {
	"statusCode":	2,
	"statusString":	"Device Busy",
	"subStatusCode":	"deviceBusy",
	"errorCode":	536870916,
	"errorMsg":	"employeeNo"
}
[2026-08-13 08:05:00.909] [FK2665724] REMOVER 535083 - FALHA AO REMOVER USUARIO: {
	"statusCode":	2,
	"statusString":	"Device Busy",
	"subStatusCode":	"deviceBusy",
	"errorCode":	536870916,
	"errorMsg":	"employeeNo"
}
[2026-08-13 08:05:00.938] [FK2665724] REMOVER 535158 - FALHA AO REMOVER USUARIO: {
	"statusCode":	2,
	"statusString":	"Device Busy",
	"subStatusCode":	"deviceBusy",
	"errorCode":	536870916,
	"errorMsg":	"employeeNo"
}
[2026-08-13 08:05:00.948] [FK2665724] REMOVER 535171 - FALHA AO REMOVER USUARIO: {
	"statusCode":	2,
	"statusString":	"Device Busy",
	"subStatusCode":	"deviceBusy",
	"errorCode":	536870916,
	"errorMsg":	"employeeNo"
}
[2026-08-13 08:05:00.962] [FK2665724] REMOVER 535294 - FALHA AO REMOVER USUARIO: {
	"statusCode":	2,
	"statusString":	"Device Busy",
	"subStatusCode":	"deviceBusy",
	"errorCode":	536870916,
	"errorMsg":	"employeeNo"
}
[2026-08-13 08:05:00.975] [FK2665724] REMOVER 535380 - FALHA AO REMOVER USUARIO: {
	"statusCode":	2,
	"statusString":	"Device Busy",
	"subStatusCode":	"deviceBusy",
	"errorCode":	536870916,
	"errorMsg":	"employeeNo"
}
[2026-08-13 08:05:01.331] [FK2665724] REMOVER 535441 - FALHA AO REMOVER USUARIO: {
	"statusCode":	2,
	"statusString":	"Device Busy",
	"subStatusCode":	"deviceBusy",
	"errorCode":	536870916,
	"errorMsg":	"employeeNo"
}
[2026-08-13 08:05:01.363] [FK2665724] REMOVER 535482 - FALHA AO REMOVER USUARIO: {
	"statusCode":	2,
	"statusString":	"Device Busy",
	"subStatusCode":	"deviceBusy",
	"errorCode":	536870916,
	"errorMsg":	"employeeNo"
}
[2026-08-13 08:05:01.372] [FK2665724] REMOVER 535536 - FALHA AO REMOVER USUARIO: {
	"statusCode":	2,
	"statusString":	"Device Busy",
	"subStatusCode":	"deviceBusy",
	"errorCode":	536870916,
	"errorMsg":	"employeeNo"
}
[2026-08-13 08:05:01.382] [FK2665724] REMOVER 535569 - FALHA AO REMOVER USUARIO: {
	"statusCode":	2,
	"statusString":	"Device Busy",
	"subStatusCode":	"deviceBusy",
	"errorCode":	536870916,
	"errorMsg":	"employeeNo"
}
[2026-08-13 08:05:01.396] [FK2665724] REMOVER 535570 - FALHA AO REMOVER USUARIO: {
	"statusCode":	2,
	"statusString":	"Device Busy",
	"subStatusCode":	"deviceBusy",
	"errorCode":	536870916,
	"errorMsg":	"employeeNo"
}
[2026-08-13 08:05:01.404] [FK2665724] REMOVER 535826 - FALHA AO REMOVER USUARIO: {
	"statusCode":	2,
	"statusString":	"Device Busy",
	"subStatusCode":	"deviceBusy",
	"errorCode":	536870916,
	"errorMsg":	"employeeNo"
}
[2026-08-13 08:05:01.419] [FK2665724] REMOVER 535835 - FALHA AO REMOVER USUARIO: {
	"statusCode":	2,
	"statusString":	"Device Busy",
	"subStatusCode":	"deviceBusy",
	"errorCode":	536870916,
	"errorMsg":	"employeeNo"
}
[2026-08-13 08:05:01.438] [FK2665724] REMOVER 535958 - FALHA AO REMOVER USUARIO: {
	"statusCode":	2,
	"statusString":	"Device Busy",
	"subStatusCode":	"deviceBusy",
	"errorCode":	536870916,
	"errorMsg":	"employeeNo"
}
[2026-08-13 08:05:01.798] [FK2665724] REMOVER 536117 - FALHA AO REMOVER USUARIO: {
	"statusCode":	2,
	"statusString":	"Device Busy",
	"subStatusCode":	"deviceBusy",
	"errorCode":	536870916,
	"errorMsg":	"employeeNo"
}
[2026-08-13 08:05:01.830] [FK2665724] REMOVER 536139 - FALHA AO REMOVER USUARIO: {
	"statusCode":	2,
	"statusString":	"Device Busy",
	"subStatusCode":	"deviceBusy",
	"errorCode":	536870916,
	"errorMsg":	"employeeNo"
}
[2026-08-13 08:05:01.843] [FK2665724] REMOVER 556651 - FALHA AO REMOVER USUARIO: {
	"statusCode":	2,
	"statusString":	"Device Busy",
	"subStatusCode":	"deviceBusy",
	"errorCode":	536870916,
	"errorMsg":	"employeeNo"
}
[2026-08-13 08:05:01.856] [FK2665724] REMOVER 556660 - FALHA AO REMOVER USUARIO: {
	"statusCode":	2,
	"statusString":	"Device Busy",
	"subStatusCode":	"deviceBusy",
	"errorCode":	536870916,
	"errorMsg":	"employeeNo"
}
[2026-08-13 08:05:01.869] [FK2665724] REMOVER 556687 - FALHA AO REMOVER USUARIO: {
	"statusCode":	2,
	"statusString":	"Device Busy",
	"subStatusCode":	"deviceBusy",
	"errorCode":	536870916,
	"errorMsg":	"employeeNo"
}
[2026-08-13 08:05:01.879] [FK2665724] REMOVER 556753 - FALHA AO REMOVER USUARIO: {
	"statusCode":	2,
	"statusString":	"Device Busy",
	"subStatusCode":	"deviceBusy",
	"errorCode":	536870916,
	"errorMsg":	"employeeNo"
}
[2026-08-13 08:05:01.893] [FK2665724] REMOVER 556791 - FALHA AO REMOVER USUARIO: {
	"statusCode":	2,
	"statusString":	"Device Busy",
	"subStatusCode":	"deviceBusy",
	"errorCode":	536870916,
	"errorMsg":	"employeeNo"
}
[2026-08-13 08:05:01.914] [FK2665724] REMOVER 556912 - FALHA AO REMOVER USUARIO: {
	"statusCode":	2,
	"statusString":	"Device Busy",
	"subStatusCode":	"deviceBusy",
	"errorCode":	536870916,
	"errorMsg":	"employeeNo"
}
[2026-08-13 08:05:02.253] [FK2665724] REMOVER 557051 - FALHA AO REMOVER USUARIO: {
	"statusCode":	2,
	"statusString":	"Device Busy",
	"subStatusCode":	"deviceBusy",
	"errorCode":	536870916,
	"errorMsg":	"employeeNo"
}
[2026-08-13 08:05:02.286] [FK2665724] REMOVER 557148 - FALHA AO REMOVER USUARIO: {
	"statusCode":	2,
	"statusString":	"Device Busy",
	"subStatusCode":	"deviceBusy",
	"errorCode":	536870916,
	"errorMsg":	"employeeNo"
}
[2026-08-13 08:05:02.297] [FK2665724] REMOVER 557296 - FALHA AO REMOVER USUARIO: {
	"statusCode":	2,
	"statusString":	"Device Busy",
	"subStatusCode":	"deviceBusy",
	"errorCode":	536870916,
	"errorMsg":	"employeeNo"
}
[2026-08-13 08:05:02.308] [FK2665724] REMOVER 557354 - FALHA AO REMOVER USUARIO: {
	"statusCode":	2,
	"statusString":	"Device Busy",
	"subStatusCode":	"deviceBusy",
	"errorCode":	536870916,
	"errorMsg":	"employeeNo"
}
[2026-08-13 08:05:02.317] [FK2665724] REMOVER 557363 - FALHA AO REMOVER USUARIO: {
	"statusCode":	2,
	"statusString":	"Device Busy",
	"subStatusCode":	"deviceBusy",
	"errorCode":	536870916,
	"errorMsg":	"employeeNo"
}
[2026-08-13 08:05:02.335] [FK2665724] REMOVER 557381 - FALHA AO REMOVER USUARIO: {
	"statusCode":	2,
	"statusString":	"Device Busy",
	"subStatusCode":	"deviceBusy",
	"errorCode":	536870916,
	"errorMsg":	"employeeNo"
}
[2026-08-13 08:05:02.347] [FK2665724] REMOVER 557391 - FALHA AO REMOVER USUARIO: {
	"statusCode":	2,
	"statusString":	"Device Busy",
	"subStatusCode":	"deviceBusy",
	"errorCode":	536870916,
	"errorMsg":	"employeeNo"
}
[2026-08-13 08:05:02.688] [FK2665724] REMOVER 557392 - FALHA AO REMOVER USUARIO: {
	"statusCode":	2,
	"statusString":	"Device Busy",
	"subStatusCode":	"deviceBusy",
	"errorCode":	536870916,
	"errorMsg":	"employeeNo"
}
[2026-08-13 08:05:02.713] [FK2665724] REMOVER 557446 - FALHA AO REMOVER USUARIO: {
	"statusCode":	2,
	"statusString":	"Device Busy",
	"subStatusCode":	"deviceBusy",
	"errorCode":	536870916,
	"errorMsg":	"employeeNo"
}
[2026-08-13 08:05:02.724] [FK2665724] REMOVER 557461 - FALHA AO REMOVER USUARIO: {
	"statusCode":	2,
	"statusString":	"Device Busy",
	"subStatusCode":	"deviceBusy",
	"errorCode":	536870916,
	"errorMsg":	"employeeNo"
}
[2026-08-13 08:05:02.735] [FK2665724] REMOVER 557462 - FALHA AO REMOVER USUARIO: {
	"statusCode":	2,
	"statusString":	"Device Busy",
	"subStatusCode":	"deviceBusy",
	"errorCode":	536870916,
	"errorMsg":	"employeeNo"
}
[2026-08-13 08:05:02.748] [FK2665724] REMOVER 557491 - FALHA AO REMOVER USUARIO: {
	"statusCode":	2,
	"statusString":	"Device Busy",
	"subStatusCode":	"deviceBusy",
	"errorCode":	536870916,
	"errorMsg":	"employeeNo"
}
[2026-08-13 08:05:02.758] [FK2665724] REMOVER 557494 - FALHA AO REMOVER USUARIO: {
	"statusCode":	2,
	"statusString":	"Device Busy",
	"subStatusCode":	"deviceBusy",
	"errorCode":	536870916,
	"errorMsg":	"employeeNo"
}
[2026-08-13 08:05:02.773] [FK2665724] REMOVER 557506 - FALHA AO REMOVER USUARIO: {
	"statusCode":	2,
	"statusString":	"Device Busy",
	"subStatusCode":	"deviceBusy",
	"errorCode":	536870916,
	"errorMsg":	"employeeNo"
}
[2026-08-13 08:05:02.786] [FK2665724] REMOVER 557551 - FALHA AO REMOVER USUARIO: {
	"statusCode":	2,
	"statusString":	"Device Busy",
	"subStatusCode":	"deviceBusy",
	"errorCode":	536870916,
	"errorMsg":	"employeeNo"
}
[2026-08-13 08:05:02.798] [FK2665724] REMOVER 557698 - FALHA AO REMOVER USUARIO: {
	"statusCode":	2,
	"statusString":	"Device Busy",
	"subStatusCode":	"deviceBusy",
	"errorCode":	536870916,
	"errorMsg":	"employeeNo"
}
[2026-08-13 08:05:03.142] [FK2665724] REMOVER 557752 - FALHA AO REMOVER USUARIO: {
	"statusCode":	2,
	"statusString":	"Device Busy",
	"subStatusCode":	"deviceBusy",
	"errorCode":	536870916,
	"errorMsg":	"employeeNo"
}
[2026-08-13 08:05:03.156] [FK2665724] REMOVER 557785 - FALHA AO REMOVER USUARIO: {
	"statusCode":	2,
	"statusString":	"Device Busy",
	"subStatusCode":	"deviceBusy",
	"errorCode":	536870916,
	"errorMsg":	"employeeNo"
}
[2026-08-13 08:05:03.165] [FK2665724] REMOVER 557896 - FALHA AO REMOVER USUARIO: {
	"statusCode":	2,
	"statusString":	"Device Busy",
	"subStatusCode":	"deviceBusy",
	"errorCode":	536870916,
	"errorMsg":	"employeeNo"
}
[2026-08-13 08:05:03.175] [FK2665724] REMOVER 557914 - FALHA AO REMOVER USUARIO: {
	"statusCode":	2,
	"statusString":	"Device Busy",
	"subStatusCode":	"deviceBusy",
	"errorCode":	536870916,
	"errorMsg":	"employeeNo"
}
[2026-08-13 08:05:03.192] [FK2665724] REMOVER 558085 - FALHA AO REMOVER USUARIO: {
	"statusCode":	2,
	"statusString":	"Device Busy",
	"subStatusCode":	"deviceBusy",
	"errorCode":	536870916,
	"errorMsg":	"employeeNo"
}
[2026-08-13 08:05:03.221] [FK2665724] REMOVER 558157 - FALHA AO REMOVER USUARIO: {
	"statusCode":	2,
	"statusString":	"Device Busy",
	"subStatusCode":	"deviceBusy",
	"errorCode":	536870916,
	"errorMsg":	"employeeNo"
}
[2026-08-13 08:05:03.233] [FK2665724] REMOVER 558166 - FALHA AO REMOVER USUARIO: {
	"statusCode":	2,
	"statusString":	"Device Busy",
	"subStatusCode":	"deviceBusy",
	"errorCode":	536870916,
	"errorMsg":	"employeeNo"
}
[2026-08-13 08:05:03.603] [FK2665724] REMOVER 558177 - FALHA AO REMOVER USUARIO: {
	"statusCode":	2,
	"statusString":	"Device Busy",
	"subStatusCode":	"deviceBusy",
	"errorCode":	536870916,
	"errorMsg":	"employeeNo"
}
[2026-08-13 08:05:03.618] [FK2665724] REMOVER 558185 - FALHA AO REMOVER USUARIO: {
	"statusCode":	2,
	"statusString":	"Device Busy",
	"subStatusCode":	"deviceBusy",
	"errorCode":	536870916,
	"errorMsg":	"employeeNo"
}
[2026-08-13 08:05:03.630] [FK2665724] REMOVER 558225 - FALHA AO REMOVER USUARIO: {
	"statusCode":	2,
	"statusString":	"Device Busy",
	"subStatusCode":	"deviceBusy",
	"errorCode":	536870916,
	"errorMsg":	"employeeNo"
}
[2026-08-13 08:05:03.638] [FK2665724] REMOVER 558241 - FALHA AO REMOVER USUARIO: {
	"statusCode":	2,
	"statusString":	"Device Busy",
	"subStatusCode":	"deviceBusy",
	"errorCode":	536870916,
	"errorMsg":	"employeeNo"
}
[2026-08-13 08:05:03.650] [FK2665724] REMOVER 558447 - FALHA AO REMOVER USUARIO: {
	"statusCode":	2,
	"statusString":	"Device Busy",
	"subStatusCode":	"deviceBusy",
	"errorCode":	536870916,
	"errorMsg":	"employeeNo"
}
[2026-08-13 08:05:03.669] [FK2665724] REMOVER 558612 - FALHA AO REMOVER USUARIO: {
	"statusCode":	2,
	"statusString":	"Device Busy",
	"subStatusCode":	"deviceBusy",
	"errorCode":	536870916,
	"errorMsg":	"employeeNo"
}
[2026-08-13 08:05:03.680] [FK2665724] REMOVER 558639 - FALHA AO REMOVER USUARIO: {
	"statusCode":	2,
	"statusString":	"Device Busy",
	"subStatusCode":	"deviceBusy",
	"errorCode":	536870916,
	"errorMsg":	"employeeNo"
}
[2026-08-13 08:05:03.718] [FK2665724] REMOVER 558679 - FALHA AO REMOVER USUARIO: {
	"statusCode":	2,
	"statusString":	"Device Busy",
	"subStatusCode":	"deviceBusy",
	"errorCode":	536870916,
	"errorMsg":	"employeeNo"
}
[2026-08-13 08:05:03.733] [FK2665724] REMOVER 558739 - FALHA AO REMOVER USUARIO: {
	"statusCode":	2,
	"statusString":	"Device Busy",
	"subStatusCode":	"deviceBusy",
	"errorCode":	536870916,
	"errorMsg":	"employeeNo"
}
[2026-08-13 08:05:04.064] [FK2665724] REMOVER 558743 - FALHA AO REMOVER USUARIO: {
	"statusCode":	2,
	"statusString":	"Device Busy",
	"subStatusCode":	"deviceBusy",
	"errorCode":	536870916,
	"errorMsg":	"employeeNo"
}
[2026-08-13 08:05:04.099] [FK2665724] REMOVER 558844 - FALHA AO REMOVER USUARIO: {
	"statusCode":	2,
	"statusString":	"Device Busy",
	"subStatusCode":	"deviceBusy",
	"errorCode":	536870916,
	"errorMsg":	"employeeNo"
}
[2026-08-13 08:05:04.119] [FK2665724] REMOVER 558962 - FALHA AO REMOVER USUARIO: {
	"statusCode":	2,
	"statusString":	"Device Busy",
	"subStatusCode":	"deviceBusy",
	"errorCode":	536870916,
	"errorMsg":	"employeeNo"
}
[2026-08-13 08:05:04.132] [FK2665724] REMOVER 559010 - FALHA AO REMOVER USUARIO: {
	"statusCode":	2,
	"statusString":	"Device Busy",
	"subStatusCode":	"deviceBusy",
	"errorCode":	536870916,
	"errorMsg":	"employeeNo"
}
[2026-08-13 08:05:04.148] [FK2665724] REMOVER 559135 - FALHA AO REMOVER USUARIO: {
	"statusCode":	2,
	"statusString":	"Device Busy",
	"subStatusCode":	"deviceBusy",
	"errorCode":	536870916,
	"errorMsg":	"employeeNo"
}
[2026-08-13 08:05:04.179] [FK2665724] REMOVER 559274 - FALHA AO REMOVER USUARIO: {
	"statusCode":	2,
	"statusString":	"Device Busy",
	"subStatusCode":	"deviceBusy",
	"errorCode":	536870916,
	"errorMsg":	"employeeNo"
}
[2026-08-13 08:05:04.188] [FK2665724] REMOVER 559288 - FALHA AO REMOVER USUARIO: {
	"statusCode":	2,
	"statusString":	"Device Busy",
	"subStatusCode":	"deviceBusy",
	"errorCode":	536870916,
	"errorMsg":	"employeeNo"
}
[2026-08-13 08:05:04.195] [FK2665724] REMOVER 559545 - FALHA AO REMOVER USUARIO: {
	"statusCode":	2,
	"statusString":	"Device Busy",
	"subStatusCode":	"deviceBusy",
	"errorCode":	536870916,
	"errorMsg":	"employeeNo"
}
[2026-08-13 08:05:04.540] [FK2665724] REMOVER 559636 - FALHA AO REMOVER USUARIO: {
	"statusCode":	2,
	"statusString":	"Device Busy",
	"subStatusCode":	"deviceBusy",
	"errorCode":	536870916,
	"errorMsg":	"employeeNo"
}
[2026-08-13 08:05:04.551] [FK2665724] REMOVER 559659 - FALHA AO REMOVER USUARIO: {
	"statusCode":	2,
	"statusString":	"Device Busy",
	"subStatusCode":	"deviceBusy",
	"errorCode":	536870916,
	"errorMsg":	"employeeNo"
}
[2026-08-13 08:05:04.562] [FK2665724] REMOVER 559737 - FALHA AO REMOVER USUARIO: {
	"statusCode":	2,
	"statusString":	"Device Busy",
	"subStatusCode":	"deviceBusy",
	"errorCode":	536870916,
	"errorMsg":	"employeeNo"
}
[2026-08-13 08:05:04.571] [FK2665724] REMOVER 559817 - FALHA AO REMOVER USUARIO: {
	"statusCode":	2,
	"statusString":	"Device Busy",
	"subStatusCode":	"deviceBusy",
	"errorCode":	536870916,
	"errorMsg":	"employeeNo"
}
[2026-08-13 08:05:04.581] [FK2665724] REMOVER 559843 - FALHA AO REMOVER USUARIO: {
	"statusCode":	2,
	"statusString":	"Device Busy",
	"subStatusCode":	"deviceBusy",
	"errorCode":	536870916,
	"errorMsg":	"employeeNo"
}
[2026-08-13 08:05:04.591] [FK2665724] REMOVER 559844 - FALHA AO REMOVER USUARIO: {
	"statusCode":	2,
	"statusString":	"Device Busy",
	"subStatusCode":	"deviceBusy",
	"errorCode":	536870916,
	"errorMsg":	"employeeNo"
}
[2026-08-13 08:05:04.599] [FK2665724] REMOVER 559931 - FALHA AO REMOVER USUARIO: {
	"statusCode":	2,
	"statusString":	"Device Busy",
	"subStatusCode":	"deviceBusy",
	"errorCode":	536870916,
	"errorMsg":	"employeeNo"
}
[2026-08-13 08:05:04.953] [FK2665724] REMOVER 562386 - FALHA AO REMOVER USUARIO: {
	"statusCode":	2,
	"statusString":	"Device Busy",
	"subStatusCode":	"deviceBusy",
	"errorCode":	536870916,
	"errorMsg":	"employeeNo"
}
[2026-08-13 08:05:04.967] [FK2665724] REMOVER 562437 - FALHA AO REMOVER USUARIO: {
	"statusCode":	2,
	"statusString":	"Device Busy",
	"subStatusCode":	"deviceBusy",
	"errorCode":	536870916,
	"errorMsg":	"employeeNo"
}
[2026-08-13 08:05:04.981] [FK2665724] REMOVER 581944 - FALHA AO REMOVER USUARIO: {
	"statusCode":	2,
	"statusString":	"Device Busy",
	"subStatusCode":	"deviceBusy",
	"errorCode":	536870916,
	"errorMsg":	"employeeNo"
}
[2026-08-13 08:05:04.989] [FK2665724] REMOVER 581980 - FALHA AO REMOVER USUARIO: {
	"statusCode":	2,
	"statusString":	"Device Busy",
	"subStatusCode":	"deviceBusy",
	"errorCode":	536870916,
	"errorMsg":	"employeeNo"
}
[2026-08-13 08:05:05.168] [FK1163546] REMOVER 819117 - FALHA AO REMOVER USUARIO: {
	"statusCode":	2,
	"statusString":	"Device Busy",
	"subStatusCode":	"deviceBusy",
	"errorCode":	536870916,
	"errorMsg":	"employeeNo"
}
[2026-08-13 08:05:05.186] [FK1163546] REMOVER 512011 - FALHA AO REMOVER USUARIO: {
	"statusCode":	2,
	"statusString":	"Device Busy",
	"subStatusCode":	"deviceBusy",
	"errorCode":	536870916,
	"errorMsg":	"employeeNo"
}
[2026-08-13 08:05:05.196] [FK1163546] REMOVER 531884 - FALHA AO REMOVER USUARIO: {
	"statusCode":	2,
	"statusString":	"Device Busy",
	"subStatusCode":	"deviceBusy",
	"errorCode":	536870916,
	"errorMsg":	"employeeNo"
}
[2026-08-13 08:05:05.210] [FK1163546] REMOVER 531921 - FALHA AO REMOVER USUARIO: {
	"statusCode":	2,
	"statusString":	"Device Busy",
	"subStatusCode":	"deviceBusy",
	"errorCode":	536870916,
	"errorMsg":	"employeeNo"
}
[2026-08-13 08:05:05.220] [FK1163546] REMOVER 531932 - FALHA AO REMOVER USUARIO: {
	"statusCode":	2,
	"statusString":	"Device Busy",
	"subStatusCode":	"deviceBusy",
	"errorCode":	536870916,
	"errorMsg":	"employeeNo"
}
[2026-08-13 08:05:05.245] [FK1163546] REMOVER 532362 - FALHA AO REMOVER USUARIO: {
	"statusCode":	2,
	"statusString":	"Device Busy",
	"subStatusCode":	"deviceBusy",
	"errorCode":	536870916,
	"errorMsg":	"employeeNo"
}
[2026-08-13 08:05:05.263] [FK1163546] REMOVER 532494 - FALHA AO REMOVER USUARIO: {
	"statusCode":	2,
	"statusString":	"Device Busy",
	"subStatusCode":	"deviceBusy",
	"errorCode":	536870916,
	"errorMsg":	"employeeNo"
}
[2026-08-13 08:05:05.599] [FK1163546] REMOVER 532631 - FALHA AO REMOVER USUARIO: {
	"statusCode":	2,
	"statusString":	"Device Busy",
	"subStatusCode":	"deviceBusy",
	"errorCode":	536870916,
	"errorMsg":	"employeeNo"
}
[2026-08-13 08:05:05.621] [FK1163546] REMOVER 532755 - FALHA AO REMOVER USUARIO: {
	"statusCode":	2,
	"statusString":	"Device Busy",
	"subStatusCode":	"deviceBusy",
	"errorCode":	536870916,
	"errorMsg":	"employeeNo"
}
[2026-08-13 08:05:05.629] [FK1163546] REMOVER 532818 - FALHA AO REMOVER USUARIO: {
	"statusCode":	2,
	"statusString":	"Device Busy",
	"subStatusCode":	"deviceBusy",
	"errorCode":	536870916,
	"errorMsg":	"employeeNo"
}
[2026-08-13 08:05:05.640] [FK1163546] REMOVER 532859 - FALHA AO REMOVER USUARIO: {
	"statusCode":	2,
	"statusString":	"Device Busy",
	"subStatusCode":	"deviceBusy",
	"errorCode":	536870916,
	"errorMsg":	"employeeNo"
}
[2026-08-13 08:05:05.646] [FK1163546] REMOVER 532970 - FALHA AO REMOVER USUARIO: {
	"statusCode":	2,
	"statusString":	"Device Busy",
	"subStatusCode":	"deviceBusy",
	"errorCode":	536870916,
	"errorMsg":	"employeeNo"
}
[2026-08-13 08:05:05.654] [FK1163546] REMOVER 533056 - FALHA AO REMOVER USUARIO: {
	"statusCode":	2,
	"statusString":	"Device Busy",
	"subStatusCode":	"deviceBusy",
	"errorCode":	536870916,
	"errorMsg":	"employeeNo"
}
[2026-08-13 08:05:05.666] [FK1163546] REMOVER 533087 - FALHA AO REMOVER USUARIO: {
	"statusCode":	2,
	"statusString":	"Device Busy",
	"subStatusCode":	"deviceBusy",
	"errorCode":	536870916,
	"errorMsg":	"employeeNo"
}
[2026-08-13 08:05:05.678] [FK1163546] REMOVER 533102 - FALHA AO REMOVER USUARIO: {
	"statusCode":	2,
	"statusString":	"Device Busy",
	"subStatusCode":	"deviceBusy",
	"errorCode":	536870916,
	"errorMsg":	"employeeNo"
}
[2026-08-13 08:05:06.008] [FK1163546] REMOVER 533151 - FALHA AO REMOVER USUARIO: {
	"statusCode":	2,
	"statusString":	"Device Busy",
	"subStatusCode":	"deviceBusy",
	"errorCode":	536870916,
	"errorMsg":	"employeeNo"
}
[2026-08-13 08:05:06.032] [FK1163546] REMOVER 533330 - FALHA AO REMOVER USUARIO: {
	"statusCode":	2,
	"statusString":	"Device Busy",
	"subStatusCode":	"deviceBusy",
	"errorCode":	536870916,
	"errorMsg":	"employeeNo"
}
[2026-08-13 08:05:06.045] [FK1163546] REMOVER 533374 - FALHA AO REMOVER USUARIO: {
	"statusCode":	2,
	"statusString":	"Device Busy",
	"subStatusCode":	"deviceBusy",
	"errorCode":	536870916,
	"errorMsg":	"employeeNo"
}
[2026-08-13 08:05:06.054] [FK1163546] REMOVER 533431 - FALHA AO REMOVER USUARIO: {
	"statusCode":	2,
	"statusString":	"Device Busy",
	"subStatusCode":	"deviceBusy",
	"errorCode":	536870916,
	"errorMsg":	"employeeNo"
}
[2026-08-13 08:05:06.066] [FK1163546] REMOVER 533490 - FALHA AO REMOVER USUARIO: {
	"statusCode":	2,
	"statusString":	"Device Busy",
	"subStatusCode":	"deviceBusy",
	"errorCode":	536870916,
	"errorMsg":	"employeeNo"
}
[2026-08-13 08:05:06.076] [FK1163546] REMOVER 533550 - FALHA AO REMOVER USUARIO: {
	"statusCode":	2,
	"statusString":	"Device Busy",
	"subStatusCode":	"deviceBusy",
	"errorCode":	536870916,
	"errorMsg":	"employeeNo"
}
[2026-08-13 08:05:06.088] [FK1163546] REMOVER 533553 - FALHA AO REMOVER USUARIO: {
	"statusCode":	2,
	"statusString":	"Device Busy",
	"subStatusCode":	"deviceBusy",
	"errorCode":	536870916,
	"errorMsg":	"employeeNo"
}
[2026-08-13 08:05:06.097] [FK1163546] REMOVER 533569 - FALHA AO REMOVER USUARIO: {
	"statusCode":	2,
	"statusString":	"Device Busy",
	"subStatusCode":	"deviceBusy",
	"errorCode":	536870916,
	"errorMsg":	"employeeNo"
}
[2026-08-13 08:05:06.426] [FK1163546] REMOVER 533785 - FALHA AO REMOVER USUARIO: {
	"statusCode":	2,
	"statusString":	"Device Busy",
	"subStatusCode":	"deviceBusy",
	"errorCode":	536870916,
	"errorMsg":	"employeeNo"
}
[2026-08-13 08:05:06.451] [FK1163546] REMOVER 533855 - FALHA AO REMOVER USUARIO: {
	"statusCode":	2,
	"statusString":	"Device Busy",
	"subStatusCode":	"deviceBusy",
	"errorCode":	536870916,
	"errorMsg":	"employeeNo"
}
[2026-08-13 08:05:06.460] [FK1163546] REMOVER 534000 - FALHA AO REMOVER USUARIO: {
	"statusCode":	2,
	"statusString":	"Device Busy",
	"subStatusCode":	"deviceBusy",
	"errorCode":	536870916,
	"errorMsg":	"employeeNo"
}
[2026-08-13 08:05:06.471] [FK1163546] REMOVER 534107 - FALHA AO REMOVER USUARIO: {
	"statusCode":	2,
	"statusString":	"Device Busy",
	"subStatusCode":	"deviceBusy",
	"errorCode":	536870916,
	"errorMsg":	"employeeNo"
}
[2026-08-13 08:05:06.486] [FK1163546] REMOVER 534120 - FALHA AO REMOVER USUARIO: {
	"statusCode":	2,
	"statusString":	"Device Busy",
	"subStatusCode":	"deviceBusy",
	"errorCode":	536870916,
	"errorMsg":	"employeeNo"
}
[2026-08-13 08:05:06.501] [FK1163546] REMOVER 534191 - FALHA AO REMOVER USUARIO: {
	"statusCode":	2,
	"statusString":	"Device Busy",
	"subStatusCode":	"deviceBusy",
	"errorCode":	536870916,
	"errorMsg":	"employeeNo"
}
[2026-08-13 08:05:06.510] [FK1163546] REMOVER 534206 - FALHA AO REMOVER USUARIO: {
	"statusCode":	2,
	"statusString":	"Device Busy",
	"subStatusCode":	"deviceBusy",
	"errorCode":	536870916,
	"errorMsg":	"employeeNo"
}
[2026-08-13 08:05:06.520] [FK1163546] REMOVER 534242 - FALHA AO REMOVER USUARIO: {
	"statusCode":	2,
	"statusString":	"Device Busy",
	"subStatusCode":	"deviceBusy",
	"errorCode":	536870916,
	"errorMsg":	"employeeNo"
}
[2026-08-13 08:05:06.867] [FK1163546] REMOVER 534476 - FALHA AO REMOVER USUARIO: {
	"statusCode":	2,
	"statusString":	"Device Busy",
	"subStatusCode":	"deviceBusy",
	"errorCode":	536870916,
	"errorMsg":	"employeeNo"
}
[2026-08-13 08:05:06.877] [FK1163546] REMOVER 534483 - FALHA AO REMOVER USUARIO: {
	"statusCode":	2,
	"statusString":	"Device Busy",
	"subStatusCode":	"deviceBusy",
	"errorCode":	536870916,
	"errorMsg":	"employeeNo"
}
[2026-08-13 08:05:06.887] [FK1163546] REMOVER 534526 - FALHA AO REMOVER USUARIO: {
	"statusCode":	2,
	"statusString":	"Device Busy",
	"subStatusCode":	"deviceBusy",
	"errorCode":	536870916,
	"errorMsg":	"employeeNo"
}
[2026-08-13 08:05:06.904] [FK1163546] REMOVER 534543 - FALHA AO REMOVER USUARIO: {
	"statusCode":	2,
	"statusString":	"Device Busy",
	"subStatusCode":	"deviceBusy",
	"errorCode":	536870916,
	"errorMsg":	"employeeNo"
}
[2026-08-13 08:05:06.913] [FK1163546] REMOVER 534610 - FALHA AO REMOVER USUARIO: {
	"statusCode":	2,
	"statusString":	"Device Busy",
	"subStatusCode":	"deviceBusy",
	"errorCode":	536870916,
	"errorMsg":	"employeeNo"
}
[2026-08-13 08:05:06.924] [FK1163546] REMOVER 534990 - FALHA AO REMOVER USUARIO: {
	"statusCode":	2,
	"statusString":	"Device Busy",
	"subStatusCode":	"deviceBusy",
	"errorCode":	536870916,
	"errorMsg":	"employeeNo"
}
[2026-08-13 08:05:06.934] [FK1163546] REMOVER 535042 - FALHA AO REMOVER USUARIO: {
	"statusCode":	2,
	"statusString":	"Device Busy",
	"subStatusCode":	"deviceBusy",
	"errorCode":	536870916,
	"errorMsg":	"employeeNo"
}
[2026-08-13 08:05:06.942] [FK1163546] REMOVER 535083 - FALHA AO REMOVER USUARIO: {
	"statusCode":	2,
	"statusString":	"Device Busy",
	"subStatusCode":	"deviceBusy",
	"errorCode":	536870916,
	"errorMsg":	"employeeNo"
}
[2026-08-13 08:05:07.313] [FK1163546] REMOVER 535158 - FALHA AO REMOVER USUARIO: {
	"statusCode":	2,
	"statusString":	"Device Busy",
	"subStatusCode":	"deviceBusy",
	"errorCode":	536870916,
	"errorMsg":	"employeeNo"
}
[2026-08-13 08:05:07.323] [FK1163546] REMOVER 535171 - FALHA AO REMOVER USUARIO: {
	"statusCode":	2,
	"statusString":	"Device Busy",
	"subStatusCode":	"deviceBusy",
	"errorCode":	536870916,
	"errorMsg":	"employeeNo"
}
[2026-08-13 08:05:07.335] [FK1163546] REMOVER 535294 - FALHA AO REMOVER USUARIO: {
	"statusCode":	2,
	"statusString":	"Device Busy",
	"subStatusCode":	"deviceBusy",
	"errorCode":	536870916,
	"errorMsg":	"employeeNo"
}
[2026-08-13 08:05:07.346] [FK1163546] REMOVER 535380 - FALHA AO REMOVER USUARIO: {
	"statusCode":	2,
	"statusString":	"Device Busy",
	"subStatusCode":	"deviceBusy",
	"errorCode":	536870916,
	"errorMsg":	"employeeNo"
}
[2026-08-13 08:05:07.357] [FK1163546] REMOVER 535435 - FALHA AO REMOVER USUARIO: {
	"statusCode":	2,
	"statusString":	"Device Busy",
	"subStatusCode":	"deviceBusy",
	"errorCode":	536870916,
	"errorMsg":	"employeeNo"
}
[2026-08-13 08:05:07.368] [FK1163546] REMOVER 535441 - FALHA AO REMOVER USUARIO: {
	"statusCode":	2,
	"statusString":	"Device Busy",
	"subStatusCode":	"deviceBusy",
	"errorCode":	536870916,
	"errorMsg":	"employeeNo"
}
[2026-08-13 08:05:07.377] [FK1163546] REMOVER 535482 - FALHA AO REMOVER USUARIO: {
	"statusCode":	2,
	"statusString":	"Device Busy",
	"subStatusCode":	"deviceBusy",
	"errorCode":	536870916,
	"errorMsg":	"employeeNo"
}
[2026-08-13 08:05:07.387] [FK1163546] REMOVER 535536 - FALHA AO REMOVER USUARIO: {
	"statusCode":	2,
	"statusString":	"Device Busy",
	"subStatusCode":	"deviceBusy",
	"errorCode":	536870916,
	"errorMsg":	"employeeNo"
}
[2026-08-13 08:05:07.738] [FK1163546] REMOVER 535570 - FALHA AO REMOVER USUARIO: {
	"statusCode":	2,
	"statusString":	"Device Busy",
	"subStatusCode":	"deviceBusy",
	"errorCode":	536870916,
	"errorMsg":	"employeeNo"
}
[2026-08-13 08:05:07.749] [FK1163546] REMOVER 535826 - FALHA AO REMOVER USUARIO: {
	"statusCode":	2,
	"statusString":	"Device Busy",
	"subStatusCode":	"deviceBusy",
	"errorCode":	536870916,
	"errorMsg":	"employeeNo"
}
[2026-08-13 08:05:07.758] [FK1163546] REMOVER 535835 - FALHA AO REMOVER USUARIO: {
	"statusCode":	2,
	"statusString":	"Device Busy",
	"subStatusCode":	"deviceBusy",
	"errorCode":	536870916,
	"errorMsg":	"employeeNo"
}
[2026-08-13 08:05:07.771] [FK1163546] REMOVER 535958 - FALHA AO REMOVER USUARIO: {
	"statusCode":	2,
	"statusString":	"Device Busy",
	"subStatusCode":	"deviceBusy",
	"errorCode":	536870916,
	"errorMsg":	"employeeNo"
}
[2026-08-13 08:05:07.784] [FK1163546] REMOVER 535985 - FALHA AO REMOVER USUARIO: {
	"statusCode":	2,
	"statusString":	"Device Busy",
	"subStatusCode":	"deviceBusy",
	"errorCode":	536870916,
	"errorMsg":	"employeeNo"
}
[2026-08-13 08:05:07.806] [FK1163546] REMOVER 536119 - FALHA AO REMOVER USUARIO: {
	"statusCode":	2,
	"statusString":	"Device Busy",
	"subStatusCode":	"deviceBusy",
	"errorCode":	536870916,
	"errorMsg":	"employeeNo"
}
[2026-08-13 08:05:07.836] [FK1163546] REMOVER 536139 - FALHA AO REMOVER USUARIO: {
	"statusCode":	2,
	"statusString":	"Device Busy",
	"subStatusCode":	"deviceBusy",
	"errorCode":	536870916,
	"errorMsg":	"employeeNo"
}
[2026-08-13 08:05:08.194] [FK1163546] REMOVER 556660 - FALHA AO REMOVER USUARIO: {
	"statusCode":	2,
	"statusString":	"Device Busy",
	"subStatusCode":	"deviceBusy",
	"errorCode":	536870916,
	"errorMsg":	"employeeNo"
}
[2026-08-13 08:05:08.205] [FK1163546] REMOVER 556687 - FALHA AO REMOVER USUARIO: {
	"statusCode":	2,
	"statusString":	"Device Busy",
	"subStatusCode":	"deviceBusy",
	"errorCode":	536870916,
	"errorMsg":	"employeeNo"
}
[2026-08-13 08:05:08.217] [FK1163546] REMOVER 556753 - FALHA AO REMOVER USUARIO: {
	"statusCode":	2,
	"statusString":	"Device Busy",
	"subStatusCode":	"deviceBusy",
	"errorCode":	536870916,
	"errorMsg":	"employeeNo"
}
[2026-08-13 08:05:08.224] [FK1163546] REMOVER 556791 - FALHA AO REMOVER USUARIO: {
	"statusCode":	2,
	"statusString":	"Device Busy",
	"subStatusCode":	"deviceBusy",
	"errorCode":	536870916,
	"errorMsg":	"employeeNo"
}
[2026-08-13 08:05:08.237] [FK1163546] REMOVER 556823 - FALHA AO REMOVER USUARIO: {
	"statusCode":	2,
	"statusString":	"Device Busy",
	"subStatusCode":	"deviceBusy",
	"errorCode":	536870916,
	"errorMsg":	"employeeNo"
}
[2026-08-13 08:05:08.263] [FK1163546] REMOVER 557051 - FALHA AO REMOVER USUARIO: {
	"statusCode":	2,
	"statusString":	"Device Busy",
	"subStatusCode":	"deviceBusy",
	"errorCode":	536870916,
	"errorMsg":	"employeeNo"
}
[2026-08-13 08:05:08.274] [FK1163546] REMOVER 557130 - FALHA AO REMOVER USUARIO: {
	"statusCode":	2,
	"statusString":	"Device Busy",
	"subStatusCode":	"deviceBusy",
	"errorCode":	536870916,
	"errorMsg":	"employeeNo"
}
[2026-08-13 08:05:08.611] [FK1163546] REMOVER 557148 - FALHA AO REMOVER USUARIO: {
	"statusCode":	2,
	"statusString":	"Device Busy",
	"subStatusCode":	"deviceBusy",
	"errorCode":	536870916,
	"errorMsg":	"employeeNo"
}
[2026-08-13 08:05:08.632] [FK1163546] REMOVER 557354 - FALHA AO REMOVER USUARIO: {
	"statusCode":	2,
	"statusString":	"Device Busy",
	"subStatusCode":	"deviceBusy",
	"errorCode":	536870916,
	"errorMsg":	"employeeNo"
}
[2026-08-13 08:05:08.641] [FK1163546] REMOVER 557363 - FALHA AO REMOVER USUARIO: {
	"statusCode":	2,
	"statusString":	"Device Busy",
	"subStatusCode":	"deviceBusy",
	"errorCode":	536870916,
	"errorMsg":	"employeeNo"
}
[2026-08-13 08:05:08.654] [FK1163546] REMOVER 557381 - FALHA AO REMOVER USUARIO: {
	"statusCode":	2,
	"statusString":	"Device Busy",
	"subStatusCode":	"deviceBusy",
	"errorCode":	536870916,
	"errorMsg":	"employeeNo"
}
[2026-08-13 08:05:08.663] [FK1163546] REMOVER 557391 - FALHA AO REMOVER USUARIO: {
	"statusCode":	2,
	"statusString":	"Device Busy",
	"subStatusCode":	"deviceBusy",
	"errorCode":	536870916,
	"errorMsg":	"employeeNo"
}
[2026-08-13 08:05:08.671] [FK1163546] REMOVER 557392 - FALHA AO REMOVER USUARIO: {
	"statusCode":	2,
	"statusString":	"Device Busy",
	"subStatusCode":	"deviceBusy",
	"errorCode":	536870916,
	"errorMsg":	"employeeNo"
}
[2026-08-13 08:05:08.680] [FK1163546] REMOVER 557396 - FALHA AO REMOVER USUARIO: {
	"statusCode":	2,
	"statusString":	"Device Busy",
	"subStatusCode":	"deviceBusy",
	"errorCode":	536870916,
	"errorMsg":	"employeeNo"
}
[2026-08-13 08:05:09.021] [FK1163546] REMOVER 557446 - FALHA AO REMOVER USUARIO: {
	"statusCode":	2,
	"statusString":	"Device Busy",
	"subStatusCode":	"deviceBusy",
	"errorCode":	536870916,
	"errorMsg":	"employeeNo"
}
[2026-08-13 08:05:09.047] [FK1163546] REMOVER 557462 - FALHA AO REMOVER USUARIO: {
	"statusCode":	2,
	"statusString":	"Device Busy",
	"subStatusCode":	"deviceBusy",
	"errorCode":	536870916,
	"errorMsg":	"employeeNo"
}
[2026-08-13 08:05:09.057] [FK1163546] REMOVER 557491 - FALHA AO REMOVER USUARIO: {
	"statusCode":	2,
	"statusString":	"Device Busy",
	"subStatusCode":	"deviceBusy",
	"errorCode":	536870916,
	"errorMsg":	"employeeNo"
}
[2026-08-13 08:05:09.070] [FK1163546] REMOVER 557494 - FALHA AO REMOVER USUARIO: {
	"statusCode":	2,
	"statusString":	"Device Busy",
	"subStatusCode":	"deviceBusy",
	"errorCode":	536870916,
	"errorMsg":	"employeeNo"
}
[2026-08-13 08:05:09.081] [FK1163546] REMOVER 557506 - FALHA AO REMOVER USUARIO: {
	"statusCode":	2,
	"statusString":	"Device Busy",
	"subStatusCode":	"deviceBusy",
	"errorCode":	536870916,
	"errorMsg":	"employeeNo"
}
[2026-08-13 08:05:09.091] [FK1163546] REMOVER 557551 - FALHA AO REMOVER USUARIO: {
	"statusCode":	2,
	"statusString":	"Device Busy",
	"subStatusCode":	"deviceBusy",
	"errorCode":	536870916,
	"errorMsg":	"employeeNo"
}
[2026-08-13 08:05:09.105] [FK1163546] REMOVER 557698 - FALHA AO REMOVER USUARIO: {
	"statusCode":	2,
	"statusString":	"Device Busy",
	"subStatusCode":	"deviceBusy",
	"errorCode":	536870916,
	"errorMsg":	"employeeNo"
}
[2026-08-13 08:05:09.117] [FK1163546] REMOVER 557737 - FALHA AO REMOVER USUARIO: {
	"statusCode":	2,
	"statusString":	"Device Busy",
	"subStatusCode":	"deviceBusy",
	"errorCode":	536870916,
	"errorMsg":	"employeeNo"
}
[2026-08-13 08:05:09.474] [FK1163546] REMOVER 557785 - FALHA AO REMOVER USUARIO: {
	"statusCode":	2,
	"statusString":	"Device Busy",
	"subStatusCode":	"deviceBusy",
	"errorCode":	536870916,
	"errorMsg":	"employeeNo"
}
[2026-08-13 08:05:09.489] [FK1163546] REMOVER 557896 - FALHA AO REMOVER USUARIO: {
	"statusCode":	2,
	"statusString":	"Device Busy",
	"subStatusCode":	"deviceBusy",
	"errorCode":	536870916,
	"errorMsg":	"employeeNo"
}
[2026-08-13 08:05:09.500] [FK1163546] REMOVER 557914 - FALHA AO REMOVER USUARIO: {
	"statusCode":	2,
	"statusString":	"Device Busy",
	"subStatusCode":	"deviceBusy",
	"errorCode":	536870916,
	"errorMsg":	"employeeNo"
}
[2026-08-13 08:05:09.509] [FK1163546] REMOVER 558085 - FALHA AO REMOVER USUARIO: {
	"statusCode":	2,
	"statusString":	"Device Busy",
	"subStatusCode":	"deviceBusy",
	"errorCode":	536870916,
	"errorMsg":	"employeeNo"
}
[2026-08-13 08:05:09.530] [FK1163546] REMOVER 558153 - FALHA AO REMOVER USUARIO: {
	"statusCode":	2,
	"statusString":	"Device Busy",
	"subStatusCode":	"deviceBusy",
	"errorCode":	536870916,
	"errorMsg":	"employeeNo"
}
[2026-08-13 08:05:09.541] [FK1163546] REMOVER 558157 - FALHA AO REMOVER USUARIO: {
	"statusCode":	2,
	"statusString":	"Device Busy",
	"subStatusCode":	"deviceBusy",
	"errorCode":	536870916,
	"errorMsg":	"employeeNo"
}
[2026-08-13 08:05:09.550] [FK1163546] REMOVER 558166 - FALHA AO REMOVER USUARIO: {
	"statusCode":	2,
	"statusString":	"Device Busy",
	"subStatusCode":	"deviceBusy",
	"errorCode":	536870916,
	"errorMsg":	"employeeNo"
}
[2026-08-13 08:05:09.580] [FK1163546] REMOVER 558177 - FALHA AO REMOVER USUARIO: {
	"statusCode":	2,
	"statusString":	"Device Busy",
	"subStatusCode":	"deviceBusy",
	"errorCode":	536870916,
	"errorMsg":	"employeeNo"
}
[2026-08-13 08:05:09.934] [FK1163546] REMOVER 558225 - FALHA AO REMOVER USUARIO: {
	"statusCode":	2,
	"statusString":	"Device Busy",
	"subStatusCode":	"deviceBusy",
	"errorCode":	536870916,
	"errorMsg":	"employeeNo"
}
[2026-08-13 08:05:09.950] [FK1163546] REMOVER 558241 - FALHA AO REMOVER USUARIO: {
	"statusCode":	2,
	"statusString":	"Device Busy",
	"subStatusCode":	"deviceBusy",
	"errorCode":	536870916,
	"errorMsg":	"employeeNo"
}
[2026-08-13 08:05:09.958] [FK1163546] REMOVER 558447 - FALHA AO REMOVER USUARIO: {
	"statusCode":	2,
	"statusString":	"Device Busy",
	"subStatusCode":	"deviceBusy",
	"errorCode":	536870916,
	"errorMsg":	"employeeNo"
}
[2026-08-13 08:05:09.966] [FK1163546] REMOVER 558612 - FALHA AO REMOVER USUARIO: {
	"statusCode":	2,
	"statusString":	"Device Busy",
	"subStatusCode":	"deviceBusy",
	"errorCode":	536870916,
	"errorMsg":	"employeeNo"
}
[2026-08-13 08:05:09.978] [FK1163546] REMOVER 558639 - FALHA AO REMOVER USUARIO: {
	"statusCode":	2,
	"statusString":	"Device Busy",
	"subStatusCode":	"deviceBusy",
	"errorCode":	536870916,
	"errorMsg":	"employeeNo"
}
[2026-08-13 08:05:09.986] [FK1163546] REMOVER 558655 - FALHA AO REMOVER USUARIO: {
	"statusCode":	2,
	"statusString":	"Device Busy",
	"subStatusCode":	"deviceBusy",
	"errorCode":	536870916,
	"errorMsg":	"employeeNo"
}
[2026-08-13 08:05:09.995] [FK1163546] REMOVER 558679 - FALHA AO REMOVER USUARIO: {
	"statusCode":	2,
	"statusString":	"Device Busy",
	"subStatusCode":	"deviceBusy",
	"errorCode":	536870916,
	"errorMsg":	"employeeNo"
}
[2026-08-13 08:05:10.004] [FK1163546] REMOVER 558739 - FALHA AO REMOVER USUARIO: {
	"statusCode":	2,
	"statusString":	"Device Busy",
	"subStatusCode":	"deviceBusy",
	"errorCode":	536870916,
	"errorMsg":	"employeeNo"
}
[2026-08-13 08:05:10.348] [FK1163546] REMOVER 558832 - FALHA AO REMOVER USUARIO: {
	"statusCode":	2,
	"statusString":	"Device Busy",
	"subStatusCode":	"deviceBusy",
	"errorCode":	536870916,
	"errorMsg":	"employeeNo"
}
[2026-08-13 08:05:10.364] [FK1163546] REMOVER 558844 - FALHA AO REMOVER USUARIO: {
	"statusCode":	2,
	"statusString":	"Device Busy",
	"subStatusCode":	"deviceBusy",
	"errorCode":	536870916,
	"errorMsg":	"employeeNo"
}
[2026-08-13 08:05:10.376] [FK1163546] REMOVER 558962 - FALHA AO REMOVER USUARIO: {
	"statusCode":	2,
	"statusString":	"Device Busy",
	"subStatusCode":	"deviceBusy",
	"errorCode":	536870916,
	"errorMsg":	"employeeNo"
}
[2026-08-13 08:05:10.386] [FK1163546] REMOVER 559010 - FALHA AO REMOVER USUARIO: {
	"statusCode":	2,
	"statusString":	"Device Busy",
	"subStatusCode":	"deviceBusy",
	"errorCode":	536870916,
	"errorMsg":	"employeeNo"
}
[2026-08-13 08:05:10.396] [FK1163546] REMOVER 559135 - FALHA AO REMOVER USUARIO: {
	"statusCode":	2,
	"statusString":	"Device Busy",
	"subStatusCode":	"deviceBusy",
	"errorCode":	536870916,
	"errorMsg":	"employeeNo"
}
[2026-08-13 08:05:10.406] [FK1163546] REMOVER 559166 - FALHA AO REMOVER USUARIO: {
	"statusCode":	2,
	"statusString":	"Device Busy",
	"subStatusCode":	"deviceBusy",
	"errorCode":	536870916,
	"errorMsg":	"employeeNo"
}
[2026-08-13 08:05:10.431] [FK1163546] REMOVER 559288 - FALHA AO REMOVER USUARIO: {
	"statusCode":	2,
	"statusString":	"Device Busy",
	"subStatusCode":	"deviceBusy",
	"errorCode":	536870916,
	"errorMsg":	"employeeNo"
}
[2026-08-13 08:05:10.439] [FK1163546] REMOVER 559545 - FALHA AO REMOVER USUARIO: {
	"statusCode":	2,
	"statusString":	"Device Busy",
	"subStatusCode":	"deviceBusy",
	"errorCode":	536870916,
	"errorMsg":	"employeeNo"
}
[2026-08-13 08:05:10.787] [FK1163546] REMOVER 559636 - FALHA AO REMOVER USUARIO: {
	"statusCode":	2,
	"statusString":	"Device Busy",
	"subStatusCode":	"deviceBusy",
	"errorCode":	536870916,
	"errorMsg":	"employeeNo"
}
[2026-08-13 08:05:10.796] [FK1163546] REMOVER 559659 - FALHA AO REMOVER USUARIO: {
	"statusCode":	2,
	"statusString":	"Device Busy",
	"subStatusCode":	"deviceBusy",
	"errorCode":	536870916,
	"errorMsg":	"employeeNo"
}
[2026-08-13 08:05:10.810] [FK1163546] REMOVER 559737 - FALHA AO REMOVER USUARIO: {
	"statusCode":	2,
	"statusString":	"Device Busy",
	"subStatusCode":	"deviceBusy",
	"errorCode":	536870916,
	"errorMsg":	"employeeNo"
}
[2026-08-13 08:05:10.825] [FK1163546] REMOVER 559817 - FALHA AO REMOVER USUARIO: {
	"statusCode":	2,
	"statusString":	"Device Busy",
	"subStatusCode":	"deviceBusy",
	"errorCode":	536870916,
	"errorMsg":	"employeeNo"
}
[2026-08-13 08:05:10.835] [FK1163546] REMOVER 559843 - FALHA AO REMOVER USUARIO: {
	"statusCode":	2,
	"statusString":	"Device Busy",
	"subStatusCode":	"deviceBusy",
	"errorCode":	536870916,
	"errorMsg":	"employeeNo"
}
[2026-08-13 08:05:10.848] [FK1163546] REMOVER 559844 - FALHA AO REMOVER USUARIO: {
	"statusCode":	2,
	"statusString":	"Device Busy",
	"subStatusCode":	"deviceBusy",
	"errorCode":	536870916,
	"errorMsg":	"employeeNo"
}
[2026-08-13 08:05:10.858] [FK1163546] REMOVER 559931 - FALHA AO REMOVER USUARIO: {
	"statusCode":	2,
	"statusString":	"Device Busy",
	"subStatusCode":	"deviceBusy",
	"errorCode":	536870916,
	"errorMsg":	"employeeNo"
}
[2026-08-13 08:05:10.866] [FK1163546] REMOVER 559964 - FALHA AO REMOVER USUARIO: {
	"statusCode":	2,
	"statusString":	"Device Busy",
	"subStatusCode":	"deviceBusy",
	"errorCode":	536870916,
	"errorMsg":	"employeeNo"
}
[2026-08-13 08:05:11.223] [FK1163546] REMOVER 562437 - FALHA AO REMOVER USUARIO: {
	"statusCode":	2,
	"statusString":	"Device Busy",
	"subStatusCode":	"deviceBusy",
	"errorCode":	536870916,
	"errorMsg":	"employeeNo"
}
[2026-08-13 08:05:11.232] [FK1163546] REMOVER 581944 - FALHA AO REMOVER USUARIO: {
	"statusCode":	2,
	"statusString":	"Device Busy",
	"subStatusCode":	"deviceBusy",
	"errorCode":	536870916,
	"errorMsg":	"employeeNo"
}
[2026-08-13 08:05:11.240] [FK1163546] REMOVER 581980 - FALHA AO REMOVER USUARIO: {
	"statusCode":	2,
	"statusString":	"Device Busy",
	"subStatusCode":	"deviceBusy",
	"errorCode":	536870916,
	"errorMsg":	"employeeNo"
}
[2026-08-13 08:10:08.186] [FK2665724] REMOVER undefined - TENTATIVA 1: Cannot read properties of undefined (reading 'toString')
[2026-08-13 08:10:13.188] [FK2665724] REMOVER undefined - TENTATIVA 2: Cannot read properties of undefined (reading 'toString')
[2026-08-13 08:10:18.207] [FK2665724] REMOVER undefined - TENTATIVA 3: Cannot read properties of undefined (reading 'toString')
[2026-08-13 08:10:18.210] [FK2665724] REMOVER undefined - TENTATIVA 1: Cannot read properties of undefined (reading 'toString')
[2026-08-13 08:10:23.225] [FK2665724] REMOVER undefined - TENTATIVA 2: Cannot read properties of undefined (reading 'toString')
[2026-08-13 08:10:28.235] [FK2665724] REMOVER undefined - TENTATIVA 3: Cannot read properties of undefined (reading 'toString')
[2026-08-13 08:10:28.237] [FK2665724] REMOVER undefined - TENTATIVA 1: Cannot read properties of undefined (reading 'toString')
[2026-08-13 08:11:31.149] [FK2665724] REMOVER undefined - TENTATIVA 1: Cannot read properties of undefined (reading 'toString')
[2026-08-13 08:11:36.161] [FK2665724] REMOVER undefined - TENTATIVA 2: Cannot read properties of undefined (reading 'toString')
[2026-08-13 08:12:47.102] [FK2665724] REMOVER 531921 - TENTATIVA 1: FALHA AO REMOVER USUARIO: {
	"statusCode":	2,
	"statusString":	"Device Busy",
	"subStatusCode":	"deviceBusy",
	"errorCode":	536870916,
	"errorMsg":	"employeeNo"
}
[2026-08-13 08:12:52.207] [FK2665724] REMOVER 531932 - TENTATIVA 1: FALHA AO REMOVER USUARIO: {
	"statusCode":	2,
	"statusString":	"Device Busy",
	"subStatusCode":	"deviceBusy",
	"errorCode":	536870916,
	"errorMsg":	"employeeNo"
}
[2026-08-13 08:12:57.267] [FK2665724] REMOVER 532121 - TENTATIVA 1: FALHA AO REMOVER USUARIO: {
	"statusCode":	2,
	"statusString":	"Device Busy",
	"subStatusCode":	"deviceBusy",
	"errorCode":	536870916,
	"errorMsg":	"employeeNo"
}
[2026-08-13 08:13:02.326] [FK2665724] REMOVER 532362 - TENTATIVA 1: FALHA AO REMOVER USUARIO: {
	"statusCode":	2,
	"statusString":	"Device Busy",
	"subStatusCode":	"deviceBusy",
	"errorCode":	536870916,
	"errorMsg":	"employeeNo"
}
[2026-08-13 08:13:27.892] [FK2665724] REMOVER 532494 - TENTATIVA 1: FALHA AO REMOVER USUARIO: {
	"statusCode":	2,
	"statusString":	"Device Busy",
	"subStatusCode":	"deviceBusy",
	"errorCode":	536870916,
	"errorMsg":	"employeeNo"
}
[2026-08-13 08:13:32.950] [FK2665724] REMOVER 532631 - TENTATIVA 1: FALHA AO REMOVER USUARIO: {
	"statusCode":	2,
	"statusString":	"Device Busy",
	"subStatusCode":	"deviceBusy",
	"errorCode":	536870916,
	"errorMsg":	"employeeNo"
}
[2026-08-13 08:13:38.033] [FK2665724] REMOVER 532733 - TENTATIVA 1: FALHA AO REMOVER USUARIO: {
	"statusCode":	2,
	"statusString":	"Device Busy",
	"subStatusCode":	"deviceBusy",
	"errorCode":	536870916,
	"errorMsg":	"employeeNo"
}
[2026-08-13 08:13:43.083] [FK2665724] REMOVER 532818 - TENTATIVA 1: FALHA AO REMOVER USUARIO: {
	"statusCode":	2,
	"statusString":	"Device Busy",
	"subStatusCode":	"deviceBusy",
	"errorCode":	536870916,
	"errorMsg":	"employeeNo"
}
[2026-08-13 08:13:48.169] [FK2665724] REMOVER 532859 - TENTATIVA 1: FALHA AO REMOVER USUARIO: {
	"statusCode":	2,
	"statusString":	"Device Busy",
	"subStatusCode":	"deviceBusy",
	"errorCode":	536870916,
	"errorMsg":	"employeeNo"
}
[2026-08-13 08:13:53.240] [FK2665724] REMOVER 532970 - TENTATIVA 1: FALHA AO REMOVER USUARIO: {
	"statusCode":	2,
	"statusString":	"Device Busy",
	"subStatusCode":	"deviceBusy",
	"errorCode":	536870916,
	"errorMsg":	"employeeNo"
}
[2026-08-13 08:13:58.375] [FK2665724] REMOVER 533056 - TENTATIVA 1: FALHA AO REMOVER USUARIO: {
	"statusCode":	2,
	"statusString":	"Device Busy",
	"subStatusCode":	"deviceBusy",
	"errorCode":	536870916,
	"errorMsg":	"employeeNo"
}
[2026-08-13 08:14:03.432] [FK2665724] REMOVER 533087 - TENTATIVA 1: FALHA AO REMOVER USUARIO: {
	"statusCode":	2,
	"statusString":	"Device Busy",
	"subStatusCode":	"deviceBusy",
	"errorCode":	536870916,
	"errorMsg":	"employeeNo"
}
[2026-08-13 08:14:08.511] [FK2665724] REMOVER 533102 - TENTATIVA 1: FALHA AO REMOVER USUARIO: {
	"statusCode":	2,
	"statusString":	"Device Busy",
	"subStatusCode":	"deviceBusy",
	"errorCode":	536870916,
	"errorMsg":	"employeeNo"
}
[2026-08-13 08:14:13.563] [FK2665724] REMOVER 533210 - TENTATIVA 1: FALHA AO REMOVER USUARIO: {
	"statusCode":	2,
	"statusString":	"Device Busy",
	"subStatusCode":	"deviceBusy",
	"errorCode":	536870916,
	"errorMsg":	"employeeNo"
}
[2026-08-13 08:14:18.620] [FK2665724] REMOVER 533330 - TENTATIVA 1: FALHA AO REMOVER USUARIO: {
	"statusCode":	2,
	"statusString":	"Device Busy",
	"subStatusCode":	"deviceBusy",
	"errorCode":	536870916,
	"errorMsg":	"employeeNo"
}
[2026-08-13 08:14:23.683] [FK2665724] REMOVER 533431 - TENTATIVA 1: FALHA AO REMOVER USUARIO: {
	"statusCode":	2,
	"statusString":	"Device Busy",
	"subStatusCode":	"deviceBusy",
	"errorCode":	536870916,
	"errorMsg":	"employeeNo"
}
[2026-08-13 08:14:28.731] [FK2665724] REMOVER 533490 - TENTATIVA 1: FALHA AO REMOVER USUARIO: {
	"statusCode":	2,
	"statusString":	"Device Busy",
	"subStatusCode":	"deviceBusy",
	"errorCode":	536870916,
	"errorMsg":	"employeeNo"
}
[2026-08-13 08:14:33.793] [FK2665724] REMOVER 533550 - TENTATIVA 1: FALHA AO REMOVER USUARIO: {
	"statusCode":	2,
	"statusString":	"Device Busy",
	"subStatusCode":	"deviceBusy",
	"errorCode":	536870916,
	"errorMsg":	"employeeNo"
}
[2026-08-13 08:14:38.848] [FK2665724] REMOVER 533553 - TENTATIVA 1: FALHA AO REMOVER USUARIO: {
	"statusCode":	2,
	"statusString":	"Device Busy",
	"subStatusCode":	"deviceBusy",
	"errorCode":	536870916,
	"errorMsg":	"employeeNo"
}
[2026-08-13 08:14:43.898] [FK2665724] REMOVER 533569 - TENTATIVA 1: FALHA AO REMOVER USUARIO: {
	"statusCode":	2,
	"statusString":	"Device Busy",
	"subStatusCode":	"deviceBusy",
	"errorCode":	536870916,
	"errorMsg":	"employeeNo"
}
[2026-08-13 08:14:48.937] [FK2665724] REMOVER 533785 - TENTATIVA 1: FALHA AO REMOVER USUARIO: {
	"statusCode":	2,
	"statusString":	"Device Busy",
	"subStatusCode":	"deviceBusy",
	"errorCode":	536870916,
	"errorMsg":	"employeeNo"
}
[2026-08-13 08:14:53.985] [FK2665724] REMOVER 533855 - TENTATIVA 1: FALHA AO REMOVER USUARIO: {
	"statusCode":	2,
	"statusString":	"Device Busy",
	"subStatusCode":	"deviceBusy",
	"errorCode":	536870916,
	"errorMsg":	"employeeNo"
}
[2026-08-13 08:14:59.038] [FK2665724] REMOVER 534000 - TENTATIVA 1: FALHA AO REMOVER USUARIO: {
	"statusCode":	2,
	"statusString":	"Device Busy",
	"subStatusCode":	"deviceBusy",
	"errorCode":	536870916,
	"errorMsg":	"employeeNo"
}
[2026-08-13 08:15:04.106] [FK2665724] REMOVER 534107 - TENTATIVA 1: FALHA AO REMOVER USUARIO: {
	"statusCode":	2,
	"statusString":	"Device Busy",
	"subStatusCode":	"deviceBusy",
	"errorCode":	536870916,
	"errorMsg":	"employeeNo"
}
[2026-08-13 08:15:09.156] [FK2665724] REMOVER 534191 - TENTATIVA 1: FALHA AO REMOVER USUARIO: {
	"statusCode":	2,
	"statusString":	"Device Busy",
	"subStatusCode":	"deviceBusy",
	"errorCode":	536870916,
	"errorMsg":	"employeeNo"
}
[2026-08-13 08:15:14.228] [FK2665724] REMOVER 534206 - TENTATIVA 1: FALHA AO REMOVER USUARIO: {
	"statusCode":	2,
	"statusString":	"Device Busy",
	"subStatusCode":	"deviceBusy",
	"errorCode":	536870916,
	"errorMsg":	"employeeNo"
}
[2026-08-13 08:15:19.271] [FK2665724] REMOVER 534242 - TENTATIVA 1: FALHA AO REMOVER USUARIO: {
	"statusCode":	2,
	"statusString":	"Device Busy",
	"subStatusCode":	"deviceBusy",
	"errorCode":	536870916,
	"errorMsg":	"employeeNo"
}
[2026-08-13 08:15:24.333] [FK2665724] REMOVER 534254 - TENTATIVA 1: FALHA AO REMOVER USUARIO: {
	"statusCode":	2,
	"statusString":	"Device Busy",
	"subStatusCode":	"deviceBusy",
	"errorCode":	536870916,
	"errorMsg":	"employeeNo"
}
[2026-08-13 08:15:29.381] [FK2665724] REMOVER 534476 - TENTATIVA 1: FALHA AO REMOVER USUARIO: {
	"statusCode":	2,
	"statusString":	"Device Busy",
	"subStatusCode":	"deviceBusy",
	"errorCode":	536870916,
	"errorMsg":	"employeeNo"
}
[2026-08-13 08:15:34.479] [FK2665724] REMOVER 534483 - TENTATIVA 1: FALHA AO REMOVER USUARIO: {
	"statusCode":	2,
	"statusString":	"Device Busy",
	"subStatusCode":	"deviceBusy",
	"errorCode":	536870916,
	"errorMsg":	"employeeNo"
}
[2026-08-13 08:15:39.516] [FK2665724] REMOVER 534526 - TENTATIVA 1: FALHA AO REMOVER USUARIO: {
	"statusCode":	2,
	"statusString":	"Device Busy",
	"subStatusCode":	"deviceBusy",
	"errorCode":	536870916,
	"errorMsg":	"employeeNo"
}
[2026-08-13 08:15:44.568] [FK2665724] REMOVER 534610 - TENTATIVA 1: FALHA AO REMOVER USUARIO: {
	"statusCode":	2,
	"statusString":	"Device Busy",
	"subStatusCode":	"deviceBusy",
	"errorCode":	536870916,
	"errorMsg":	"employeeNo"
}
[2026-08-13 08:15:49.621] [FK2665724] REMOVER 534990 - TENTATIVA 1: FALHA AO REMOVER USUARIO: {
	"statusCode":	2,
	"statusString":	"Device Busy",
	"subStatusCode":	"deviceBusy",
	"errorCode":	536870916,
	"errorMsg":	"employeeNo"
}
[2026-08-13 08:15:54.681] [FK2665724] REMOVER 535042 - TENTATIVA 1: FALHA AO REMOVER USUARIO: {
	"statusCode":	2,
	"statusString":	"Device Busy",
	"subStatusCode":	"deviceBusy",
	"errorCode":	536870916,
	"errorMsg":	"employeeNo"
}
[2026-08-13 08:15:59.726] [FK2665724] REMOVER 535083 - TENTATIVA 1: FALHA AO REMOVER USUARIO: {
	"statusCode":	2,
	"statusString":	"Device Busy",
	"subStatusCode":	"deviceBusy",
	"errorCode":	536870916,
	"errorMsg":	"employeeNo"
}
[2026-08-13 08:16:04.795] [FK2665724] REMOVER 535158 - TENTATIVA 1: FALHA AO REMOVER USUARIO: {
	"statusCode":	2,
	"statusString":	"Device Busy",
	"subStatusCode":	"deviceBusy",
	"errorCode":	536870916,
	"errorMsg":	"employeeNo"
}
[2026-08-13 08:16:09.853] [FK2665724] REMOVER 535171 - TENTATIVA 1: FALHA AO REMOVER USUARIO: {
	"statusCode":	2,
	"statusString":	"Device Busy",
	"subStatusCode":	"deviceBusy",
	"errorCode":	536870916,
	"errorMsg":	"employeeNo"
}
[2026-08-13 08:16:14.931] [FK2665724] REMOVER 535294 - TENTATIVA 1: FALHA AO REMOVER USUARIO: {
	"statusCode":	2,
	"statusString":	"Device Busy",
	"subStatusCode":	"deviceBusy",
	"errorCode":	536870916,
	"errorMsg":	"employeeNo"
}
[2026-08-13 08:16:19.975] [FK2665724] REMOVER 535380 - TENTATIVA 1: FALHA AO REMOVER USUARIO: {
	"statusCode":	2,
	"statusString":	"Device Busy",
	"subStatusCode":	"deviceBusy",
	"errorCode":	536870916,
	"errorMsg":	"employeeNo"
}
[2026-08-13 08:16:25.037] [FK2665724] REMOVER 535441 - TENTATIVA 1: FALHA AO REMOVER USUARIO: {
	"statusCode":	2,
	"statusString":	"Device Busy",
	"subStatusCode":	"deviceBusy",
	"errorCode":	536870916,
	"errorMsg":	"employeeNo"
}
[2026-08-13 08:16:30.097] [FK2665724] REMOVER 535482 - TENTATIVA 1: FALHA AO REMOVER USUARIO: {
	"statusCode":	2,
	"statusString":	"Device Busy",
	"subStatusCode":	"deviceBusy",
	"errorCode":	536870916,
	"errorMsg":	"employeeNo"
}
[2026-08-13 08:16:35.152] [FK2665724] REMOVER 535536 - TENTATIVA 1: FALHA AO REMOVER USUARIO: {
	"statusCode":	2,
	"statusString":	"Device Busy",
	"subStatusCode":	"deviceBusy",
	"errorCode":	536870916,
	"errorMsg":	"employeeNo"
}
[2026-08-13 08:16:40.209] [FK2665724] REMOVER 535569 - TENTATIVA 1: FALHA AO REMOVER USUARIO: {
	"statusCode":	2,
	"statusString":	"Device Busy",
	"subStatusCode":	"deviceBusy",
	"errorCode":	536870916,
	"errorMsg":	"employeeNo"
}
[2026-08-13 08:16:45.287] [FK2665724] REMOVER 535570 - TENTATIVA 1: FALHA AO REMOVER USUARIO: {
	"statusCode":	2,
	"statusString":	"Device Busy",
	"subStatusCode":	"deviceBusy",
	"errorCode":	536870916,
	"errorMsg":	"employeeNo"
}
[2026-08-13 08:16:50.337] [FK2665724] REMOVER 535826 - TENTATIVA 1: FALHA AO REMOVER USUARIO: {
	"statusCode":	2,
	"statusString":	"Device Busy",
	"subStatusCode":	"deviceBusy",
	"errorCode":	536870916,
	"errorMsg":	"employeeNo"
}
[2026-08-13 08:16:55.397] [FK2665724] REMOVER 535835 - TENTATIVA 1: FALHA AO REMOVER USUARIO: {
	"statusCode":	2,
	"statusString":	"Device Busy",
	"subStatusCode":	"deviceBusy",
	"errorCode":	536870916,
	"errorMsg":	"employeeNo"
}
[2026-08-13 08:17:00.451] [FK2665724] REMOVER 535958 - TENTATIVA 1: FALHA AO REMOVER USUARIO: {
	"statusCode":	2,
	"statusString":	"Device Busy",
	"subStatusCode":	"deviceBusy",
	"errorCode":	536870916,
	"errorMsg":	"employeeNo"
}
[2026-08-13 08:17:05.503] [FK2665724] REMOVER 536117 - TENTATIVA 1: FALHA AO REMOVER USUARIO: {
	"statusCode":	2,
	"statusString":	"Device Busy",
	"subStatusCode":	"deviceBusy",
	"errorCode":	536870916,
	"errorMsg":	"employeeNo"
}
[2026-08-13 08:17:10.570] [FK2665724] REMOVER 536139 - TENTATIVA 1: FALHA AO REMOVER USUARIO: {
	"statusCode":	2,
	"statusString":	"Device Busy",
	"subStatusCode":	"deviceBusy",
	"errorCode":	536870916,
	"errorMsg":	"employeeNo"
}
[2026-08-13 08:17:15.620] [FK2665724] REMOVER 556651 - TENTATIVA 1: FALHA AO REMOVER USUARIO: {
	"statusCode":	2,
	"statusString":	"Device Busy",
	"subStatusCode":	"deviceBusy",
	"errorCode":	536870916,
	"errorMsg":	"employeeNo"
}
[2026-08-13 08:17:20.677] [FK2665724] REMOVER 556660 - TENTATIVA 1: FALHA AO REMOVER USUARIO: {
	"statusCode":	2,
	"statusString":	"Device Busy",
	"subStatusCode":	"deviceBusy",
	"errorCode":	536870916,
	"errorMsg":	"employeeNo"
}
[2026-08-13 08:17:25.725] [FK2665724] REMOVER 556687 - TENTATIVA 1: FALHA AO REMOVER USUARIO: {
	"statusCode":	2,
	"statusString":	"Device Busy",
	"subStatusCode":	"deviceBusy",
	"errorCode":	536870916,
	"errorMsg":	"employeeNo"
}
[2026-08-13 08:17:30.777] [FK2665724] REMOVER 556753 - TENTATIVA 1: FALHA AO REMOVER USUARIO: {
	"statusCode":	2,
	"statusString":	"Device Busy",
	"subStatusCode":	"deviceBusy",
	"errorCode":	536870916,
	"errorMsg":	"employeeNo"
}
[2026-08-13 08:17:35.849] [FK2665724] REMOVER 556791 - TENTATIVA 1: FALHA AO REMOVER USUARIO: {
	"statusCode":	2,
	"statusString":	"Device Busy",
	"subStatusCode":	"deviceBusy",
	"errorCode":	536870916,
	"errorMsg":	"employeeNo"
}
[2026-08-13 08:17:40.907] [FK2665724] REMOVER 556912 - TENTATIVA 1: FALHA AO REMOVER USUARIO: {
	"statusCode":	2,
	"statusString":	"Device Busy",
	"subStatusCode":	"deviceBusy",
	"errorCode":	536870916,
	"errorMsg":	"employeeNo"
}
[2026-08-13 08:17:45.958] [FK2665724] REMOVER 557051 - TENTATIVA 1: FALHA AO REMOVER USUARIO: {
	"statusCode":	2,
	"statusString":	"Device Busy",
	"subStatusCode":	"deviceBusy",
	"errorCode":	536870916,
	"errorMsg":	"employeeNo"
}
[2026-08-13 08:17:51.011] [FK2665724] REMOVER 557148 - TENTATIVA 1: FALHA AO REMOVER USUARIO: {
	"statusCode":	2,
	"statusString":	"Device Busy",
	"subStatusCode":	"deviceBusy",
	"errorCode":	536870916,
	"errorMsg":	"employeeNo"
}
[2026-08-13 08:17:56.058] [FK2665724] REMOVER 557296 - TENTATIVA 1: FALHA AO REMOVER USUARIO: {
	"statusCode":	2,
	"statusString":	"Device Busy",
	"subStatusCode":	"deviceBusy",
	"errorCode":	536870916,
	"errorMsg":	"employeeNo"
}
[2026-08-13 08:18:01.099] [FK2665724] REMOVER 557354 - TENTATIVA 1: FALHA AO REMOVER USUARIO: {
	"statusCode":	2,
	"statusString":	"Device Busy",
	"subStatusCode":	"deviceBusy",
	"errorCode":	536870916,
	"errorMsg":	"employeeNo"
}
[2026-08-13 08:18:06.140] [FK2665724] REMOVER 557363 - TENTATIVA 1: FALHA AO REMOVER USUARIO: {
	"statusCode":	2,
	"statusString":	"Device Busy",
	"subStatusCode":	"deviceBusy",
	"errorCode":	536870916,
	"errorMsg":	"employeeNo"
}
[2026-08-13 08:18:11.190] [FK2665724] REMOVER 557381 - TENTATIVA 1: FALHA AO REMOVER USUARIO: {
	"statusCode":	2,
	"statusString":	"Device Busy",
	"subStatusCode":	"deviceBusy",
	"errorCode":	536870916,
	"errorMsg":	"employeeNo"
}
[2026-08-13 08:18:16.250] [FK2665724] REMOVER 557391 - TENTATIVA 1: FALHA AO REMOVER USUARIO: {
	"statusCode":	2,
	"statusString":	"Device Busy",
	"subStatusCode":	"deviceBusy",
	"errorCode":	536870916,
	"errorMsg":	"employeeNo"
}
[2026-08-13 08:18:21.325] [FK2665724] REMOVER 557392 - TENTATIVA 1: FALHA AO REMOVER USUARIO: {
	"statusCode":	2,
	"statusString":	"Device Busy",
	"subStatusCode":	"deviceBusy",
	"errorCode":	536870916,
	"errorMsg":	"employeeNo"
}
[2026-08-13 08:18:26.395] [FK2665724] REMOVER 557446 - TENTATIVA 1: FALHA AO REMOVER USUARIO: {
	"statusCode":	2,
	"statusString":	"Device Busy",
	"subStatusCode":	"deviceBusy",
	"errorCode":	536870916,
	"errorMsg":	"employeeNo"
}
[2026-08-13 08:18:31.465] [FK2665724] REMOVER 557461 - TENTATIVA 1: FALHA AO REMOVER USUARIO: {
	"statusCode":	2,
	"statusString":	"Device Busy",
	"subStatusCode":	"deviceBusy",
	"errorCode":	536870916,
	"errorMsg":	"employeeNo"
}
[2026-08-13 08:18:36.517] [FK2665724] REMOVER 557462 - TENTATIVA 1: FALHA AO REMOVER USUARIO: {
	"statusCode":	2,
	"statusString":	"Device Busy",
	"subStatusCode":	"deviceBusy",
	"errorCode":	536870916,
	"errorMsg":	"employeeNo"
}
[2026-08-13 08:18:41.558] [FK2665724] REMOVER 557491 - TENTATIVA 1: FALHA AO REMOVER USUARIO: {
	"statusCode":	2,
	"statusString":	"Device Busy",
	"subStatusCode":	"deviceBusy",
	"errorCode":	536870916,
	"errorMsg":	"employeeNo"
}
[2026-08-13 08:18:46.620] [FK2665724] REMOVER 557494 - TENTATIVA 1: FALHA AO REMOVER USUARIO: {
	"statusCode":	2,
	"statusString":	"Device Busy",
	"subStatusCode":	"deviceBusy",
	"errorCode":	536870916,
	"errorMsg":	"employeeNo"
}
[2026-08-13 08:18:51.697] [FK2665724] REMOVER 557506 - TENTATIVA 1: FALHA AO REMOVER USUARIO: {
	"statusCode":	2,
	"statusString":	"Device Busy",
	"subStatusCode":	"deviceBusy",
	"errorCode":	536870916,
	"errorMsg":	"employeeNo"
}
[2026-08-13 08:18:56.757] [FK2665724] REMOVER 557551 - TENTATIVA 1: FALHA AO REMOVER USUARIO: {
	"statusCode":	2,
	"statusString":	"Device Busy",
	"subStatusCode":	"deviceBusy",
	"errorCode":	536870916,
	"errorMsg":	"employeeNo"
}
[2026-08-13 08:19:01.821] [FK2665724] REMOVER 557698 - TENTATIVA 1: FALHA AO REMOVER USUARIO: {
	"statusCode":	2,
	"statusString":	"Device Busy",
	"subStatusCode":	"deviceBusy",
	"errorCode":	536870916,
	"errorMsg":	"employeeNo"
}
[2026-08-13 08:19:06.860] [FK2665724] REMOVER 557752 - TENTATIVA 1: FALHA AO REMOVER USUARIO: {
	"statusCode":	2,
	"statusString":	"Device Busy",
	"subStatusCode":	"deviceBusy",
	"errorCode":	536870916,
	"errorMsg":	"employeeNo"
}
[2026-08-13 08:19:11.920] [FK2665724] REMOVER 557785 - TENTATIVA 1: FALHA AO REMOVER USUARIO: {
	"statusCode":	2,
	"statusString":	"Device Busy",
	"subStatusCode":	"deviceBusy",
	"errorCode":	536870916,
	"errorMsg":	"employeeNo"
}
[2026-08-13 08:19:16.961] [FK2665724] REMOVER 557896 - TENTATIVA 1: FALHA AO REMOVER USUARIO: {
	"statusCode":	2,
	"statusString":	"Device Busy",
	"subStatusCode":	"deviceBusy",
	"errorCode":	536870916,
	"errorMsg":	"employeeNo"
}
[2026-08-13 08:19:22.025] [FK2665724] REMOVER 557914 - TENTATIVA 1: FALHA AO REMOVER USUARIO: {
	"statusCode":	2,
	"statusString":	"Device Busy",
	"subStatusCode":	"deviceBusy",
	"errorCode":	536870916,
	"errorMsg":	"employeeNo"
}
[2026-08-13 08:19:27.093] [FK2665724] REMOVER 558085 - TENTATIVA 1: FALHA AO REMOVER USUARIO: {
	"statusCode":	2,
	"statusString":	"Device Busy",
	"subStatusCode":	"deviceBusy",
	"errorCode":	536870916,
	"errorMsg":	"employeeNo"
}
[2026-08-13 08:19:32.140] [FK2665724] REMOVER 558157 - TENTATIVA 1: FALHA AO REMOVER USUARIO: {
	"statusCode":	2,
	"statusString":	"Device Busy",
	"subStatusCode":	"deviceBusy",
	"errorCode":	536870916,
	"errorMsg":	"employeeNo"
}
[2026-08-13 08:19:37.186] [FK2665724] REMOVER 558166 - TENTATIVA 1: FALHA AO REMOVER USUARIO: {
	"statusCode":	2,
	"statusString":	"Device Busy",
	"subStatusCode":	"deviceBusy",
	"errorCode":	536870916,
	"errorMsg":	"employeeNo"
}
[2026-08-13 08:19:42.256] [FK2665724] REMOVER 558177 - TENTATIVA 1: FALHA AO REMOVER USUARIO: {
	"statusCode":	2,
	"statusString":	"Device Busy",
	"subStatusCode":	"deviceBusy",
	"errorCode":	536870916,
	"errorMsg":	"employeeNo"
}
[2026-08-13 08:19:47.316] [FK2665724] REMOVER 558185 - TENTATIVA 1: FALHA AO REMOVER USUARIO: {
	"statusCode":	2,
	"statusString":	"Device Busy",
	"subStatusCode":	"deviceBusy",
	"errorCode":	536870916,
	"errorMsg":	"employeeNo"
}
[2026-08-13 08:19:52.393] [FK2665724] REMOVER 558225 - TENTATIVA 1: FALHA AO REMOVER USUARIO: {
	"statusCode":	2,
	"statusString":	"Device Busy",
	"subStatusCode":	"deviceBusy",
	"errorCode":	536870916,
	"errorMsg":	"employeeNo"
}
[2026-08-13 08:19:57.449] [FK2665724] REMOVER 558241 - TENTATIVA 1: FALHA AO REMOVER USUARIO: {
	"statusCode":	2,
	"statusString":	"Device Busy",
	"subStatusCode":	"deviceBusy",
	"errorCode":	536870916,
	"errorMsg":	"employeeNo"
}
[2026-08-13 08:20:02.510] [FK2665724] REMOVER 558447 - TENTATIVA 1: FALHA AO REMOVER USUARIO: {
	"statusCode":	2,
	"statusString":	"Device Busy",
	"subStatusCode":	"deviceBusy",
	"errorCode":	536870916,
	"errorMsg":	"employeeNo"
}
[2026-08-13 08:20:07.556] [FK2665724] REMOVER 558612 - TENTATIVA 1: FALHA AO REMOVER USUARIO: {
	"statusCode":	2,
	"statusString":	"Device Busy",
	"subStatusCode":	"deviceBusy",
	"errorCode":	536870916,
	"errorMsg":	"employeeNo"
}
[2026-08-13 08:20:12.600] [FK2665724] REMOVER 558639 - TENTATIVA 1: FALHA AO REMOVER USUARIO: {
	"statusCode":	2,
	"statusString":	"Device Busy",
	"subStatusCode":	"deviceBusy",
	"errorCode":	536870916,
	"errorMsg":	"employeeNo"
}
[2026-08-13 08:20:17.641] [FK2665724] REMOVER 558679 - TENTATIVA 1: FALHA AO REMOVER USUARIO: {
	"statusCode":	2,
	"statusString":	"Device Busy",
	"subStatusCode":	"deviceBusy",
	"errorCode":	536870916,
	"errorMsg":	"employeeNo"
}
[2026-08-13 08:20:22.678] [FK2665724] REMOVER 558739 - TENTATIVA 1: FALHA AO REMOVER USUARIO: {
	"statusCode":	2,
	"statusString":	"Device Busy",
	"subStatusCode":	"deviceBusy",
	"errorCode":	536870916,
	"errorMsg":	"employeeNo"
}
[2026-08-13 08:20:27.725] [FK2665724] REMOVER 558743 - TENTATIVA 1: FALHA AO REMOVER USUARIO: {
	"statusCode":	2,
	"statusString":	"Device Busy",
	"subStatusCode":	"deviceBusy",
	"errorCode":	536870916,
	"errorMsg":	"employeeNo"
}
[2026-08-13 08:20:32.769] [FK2665724] REMOVER 558844 - TENTATIVA 1: FALHA AO REMOVER USUARIO: {
	"statusCode":	2,
	"statusString":	"Device Busy",
	"subStatusCode":	"deviceBusy",
	"errorCode":	536870916,
	"errorMsg":	"employeeNo"
}
[2026-08-13 08:20:37.828] [FK2665724] REMOVER 558962 - TENTATIVA 1: FALHA AO REMOVER USUARIO: {
	"statusCode":	2,
	"statusString":	"Device Busy",
	"subStatusCode":	"deviceBusy",
	"errorCode":	536870916,
	"errorMsg":	"employeeNo"
}
[2026-08-13 08:20:42.870] [FK2665724] REMOVER 559010 - TENTATIVA 1: FALHA AO REMOVER USUARIO: {
	"statusCode":	2,
	"statusString":	"Device Busy",
	"subStatusCode":	"deviceBusy",
	"errorCode":	536870916,
	"errorMsg":	"employeeNo"
}
[2026-08-13 08:20:47.936] [FK2665724] REMOVER 559135 - TENTATIVA 1: FALHA AO REMOVER USUARIO: {
	"statusCode":	2,
	"statusString":	"Device Busy",
	"subStatusCode":	"deviceBusy",
	"errorCode":	536870916,
	"errorMsg":	"employeeNo"
}
[2026-08-13 08:20:52.992] [FK2665724] REMOVER 559274 - TENTATIVA 1: FALHA AO REMOVER USUARIO: {
	"statusCode":	2,
	"statusString":	"Device Busy",
	"subStatusCode":	"deviceBusy",
	"errorCode":	536870916,
	"errorMsg":	"employeeNo"
}
[2026-08-13 08:20:58.049] [FK2665724] REMOVER 559288 - TENTATIVA 1: FALHA AO REMOVER USUARIO: {
	"statusCode":	2,
	"statusString":	"Device Busy",
	"subStatusCode":	"deviceBusy",
	"errorCode":	536870916,
	"errorMsg":	"employeeNo"
}
[2026-08-13 08:21:03.123] [FK2665724] REMOVER 559545 - TENTATIVA 1: FALHA AO REMOVER USUARIO: {
	"statusCode":	2,
	"statusString":	"Device Busy",
	"subStatusCode":	"deviceBusy",
	"errorCode":	536870916,
	"errorMsg":	"employeeNo"
}
[2026-08-13 08:21:08.190] [FK2665724] REMOVER 559636 - TENTATIVA 1: FALHA AO REMOVER USUARIO: {
	"statusCode":	2,
	"statusString":	"Device Busy",
	"subStatusCode":	"deviceBusy",
	"errorCode":	536870916,
	"errorMsg":	"employeeNo"
}
[2026-08-13 08:21:13.258] [FK2665724] REMOVER 559659 - TENTATIVA 1: FALHA AO REMOVER USUARIO: {
	"statusCode":	2,
	"statusString":	"Device Busy",
	"subStatusCode":	"deviceBusy",
	"errorCode":	536870916,
	"errorMsg":	"employeeNo"
}
[2026-08-13 08:21:18.306] [FK2665724] REMOVER 559737 - TENTATIVA 1: FALHA AO REMOVER USUARIO: {
	"statusCode":	2,
	"statusString":	"Device Busy",
	"subStatusCode":	"deviceBusy",
	"errorCode":	536870916,
	"errorMsg":	"employeeNo"
}
[2026-08-13 08:21:23.355] [FK2665724] REMOVER 559817 - TENTATIVA 1: FALHA AO REMOVER USUARIO: {
	"statusCode":	2,
	"statusString":	"Device Busy",
	"subStatusCode":	"deviceBusy",
	"errorCode":	536870916,
	"errorMsg":	"employeeNo"
}
[2026-08-13 08:21:28.414] [FK2665724] REMOVER 559843 - TENTATIVA 1: FALHA AO REMOVER USUARIO: {
	"statusCode":	2,
	"statusString":	"Device Busy",
	"subStatusCode":	"deviceBusy",
	"errorCode":	536870916,
	"errorMsg":	"employeeNo"
}
[2026-08-13 08:21:33.469] [FK2665724] REMOVER 559844 - TENTATIVA 1: FALHA AO REMOVER USUARIO: {
	"statusCode":	2,
	"statusString":	"Device Busy",
	"subStatusCode":	"deviceBusy",
	"errorCode":	536870916,
	"errorMsg":	"employeeNo"
}
[2026-08-13 08:21:38.520] [FK2665724] REMOVER 559931 - TENTATIVA 1: FALHA AO REMOVER USUARIO: {
	"statusCode":	2,
	"statusString":	"Device Busy",
	"subStatusCode":	"deviceBusy",
	"errorCode":	536870916,
	"errorMsg":	"employeeNo"
}
[2026-08-13 08:21:43.567] [FK2665724] REMOVER 562386 - TENTATIVA 1: FALHA AO REMOVER USUARIO: {
	"statusCode":	2,
	"statusString":	"Device Busy",
	"subStatusCode":	"deviceBusy",
	"errorCode":	536870916,
	"errorMsg":	"employeeNo"
}
[2026-08-13 08:21:48.626] [FK2665724] REMOVER 562437 - TENTATIVA 1: FALHA AO REMOVER USUARIO: {
	"statusCode":	2,
	"statusString":	"Device Busy",
	"subStatusCode":	"deviceBusy",
	"errorCode":	536870916,
	"errorMsg":	"employeeNo"
}
[2026-08-13 08:21:53.691] [FK2665724] REMOVER 581944 - TENTATIVA 1: FALHA AO REMOVER USUARIO: {
	"statusCode":	2,
	"statusString":	"Device Busy",
	"subStatusCode":	"deviceBusy",
	"errorCode":	536870916,
	"errorMsg":	"employeeNo"
}
[2026-08-13 08:21:58.741] [FK2665724] REMOVER 581980 - TENTATIVA 1: FALHA AO REMOVER USUARIO: {
	"statusCode":	2,
	"statusString":	"Device Busy",
	"subStatusCode":	"deviceBusy",
	"errorCode":	536870916,
	"errorMsg":	"employeeNo"
}
[2026-08-13 08:22:03.977] [FK1163546] REMOVER 512011 - TENTATIVA 1: FALHA AO REMOVER USUARIO: {
	"statusCode":	2,
	"statusString":	"Device Busy",
	"subStatusCode":	"deviceBusy",
	"errorCode":	536870916,
	"errorMsg":	"employeeNo"
}
[2026-08-13 08:22:09.027] [FK1163546] REMOVER 531884 - TENTATIVA 1: FALHA AO REMOVER USUARIO: {
	"statusCode":	2,
	"statusString":	"Device Busy",
	"subStatusCode":	"deviceBusy",
	"errorCode":	536870916,
	"errorMsg":	"employeeNo"
}
[2026-08-13 08:22:14.083] [FK1163546] REMOVER 531921 - TENTATIVA 1: FALHA AO REMOVER USUARIO: {
	"statusCode":	2,
	"statusString":	"Device Busy",
	"subStatusCode":	"deviceBusy",
	"errorCode":	536870916,
	"errorMsg":	"employeeNo"
}
[2026-08-13 08:22:19.135] [FK1163546] REMOVER 531932 - TENTATIVA 1: FALHA AO REMOVER USUARIO: {
	"statusCode":	2,
	"statusString":	"Device Busy",
	"subStatusCode":	"deviceBusy",
	"errorCode":	536870916,
	"errorMsg":	"employeeNo"
}
[2026-08-13 08:22:24.180] [FK1163546] REMOVER 532362 - TENTATIVA 1: FALHA AO REMOVER USUARIO: {
	"statusCode":	2,
	"statusString":	"Device Busy",
	"subStatusCode":	"deviceBusy",
	"errorCode":	536870916,
	"errorMsg":	"employeeNo"
}
[2026-08-13 08:22:29.217] [FK1163546] REMOVER 532494 - TENTATIVA 1: FALHA AO REMOVER USUARIO: {
	"statusCode":	2,
	"statusString":	"Device Busy",
	"subStatusCode":	"deviceBusy",
	"errorCode":	536870916,
	"errorMsg":	"employeeNo"
}
[2026-08-13 08:22:34.265] [FK1163546] REMOVER 532631 - TENTATIVA 1: FALHA AO REMOVER USUARIO: {
	"statusCode":	2,
	"statusString":	"Device Busy",
	"subStatusCode":	"deviceBusy",
	"errorCode":	536870916,
	"errorMsg":	"employeeNo"
}
[2026-08-13 08:22:39.308] [FK1163546] REMOVER 532755 - TENTATIVA 1: FALHA AO REMOVER USUARIO: {
	"statusCode":	2,
	"statusString":	"Device Busy",
	"subStatusCode":	"deviceBusy",
	"errorCode":	536870916,
	"errorMsg":	"employeeNo"
}
[2026-08-13 08:22:44.351] [FK1163546] REMOVER 532818 - TENTATIVA 1: FALHA AO REMOVER USUARIO: {
	"statusCode":	2,
	"statusString":	"Device Busy",
	"subStatusCode":	"deviceBusy",
	"errorCode":	536870916,
	"errorMsg":	"employeeNo"
}
[2026-08-13 08:22:49.395] [FK1163546] REMOVER 532859 - TENTATIVA 1: FALHA AO REMOVER USUARIO: {
	"statusCode":	2,
	"statusString":	"Device Busy",
	"subStatusCode":	"deviceBusy",
	"errorCode":	536870916,
	"errorMsg":	"employeeNo"
}
[2026-08-13 08:22:54.440] [FK1163546] REMOVER 532970 - TENTATIVA 1: FALHA AO REMOVER USUARIO: {
	"statusCode":	2,
	"statusString":	"Device Busy",
	"subStatusCode":	"deviceBusy",
	"errorCode":	536870916,
	"errorMsg":	"employeeNo"
}
[2026-08-13 08:22:59.488] [FK1163546] REMOVER 533056 - TENTATIVA 1: FALHA AO REMOVER USUARIO: {
	"statusCode":	2,
	"statusString":	"Device Busy",
	"subStatusCode":	"deviceBusy",
	"errorCode":	536870916,
	"errorMsg":	"employeeNo"
}
[2026-08-13 08:23:04.540] [FK1163546] REMOVER 533087 - TENTATIVA 1: FALHA AO REMOVER USUARIO: {
	"statusCode":	2,
	"statusString":	"Device Busy",
	"subStatusCode":	"deviceBusy",
	"errorCode":	536870916,
	"errorMsg":	"employeeNo"
}
[2026-08-13 08:23:09.597] [FK1163546] REMOVER 533102 - TENTATIVA 1: FALHA AO REMOVER USUARIO: {
	"statusCode":	2,
	"statusString":	"Device Busy",
	"subStatusCode":	"deviceBusy",
	"errorCode":	536870916,
	"errorMsg":	"employeeNo"
}
[2026-08-13 08:23:14.654] [FK1163546] REMOVER 533151 - TENTATIVA 1: FALHA AO REMOVER USUARIO: {
	"statusCode":	2,
	"statusString":	"Device Busy",
	"subStatusCode":	"deviceBusy",
	"errorCode":	536870916,
	"errorMsg":	"employeeNo"
}
[2026-08-13 08:23:19.697] [FK1163546] REMOVER 533330 - TENTATIVA 1: FALHA AO REMOVER USUARIO: {
	"statusCode":	2,
	"statusString":	"Device Busy",
	"subStatusCode":	"deviceBusy",
	"errorCode":	536870916,
	"errorMsg":	"employeeNo"
}
[2026-08-13 08:23:24.746] [FK1163546] REMOVER 533374 - TENTATIVA 1: FALHA AO REMOVER USUARIO: {
	"statusCode":	2,
	"statusString":	"Device Busy",
	"subStatusCode":	"deviceBusy",
	"errorCode":	536870916,
	"errorMsg":	"employeeNo"
}
[2026-08-13 08:23:29.791] [FK1163546] REMOVER 533431 - TENTATIVA 1: FALHA AO REMOVER USUARIO: {
	"statusCode":	2,
	"statusString":	"Device Busy",
	"subStatusCode":	"deviceBusy",
	"errorCode":	536870916,
	"errorMsg":	"employeeNo"
}
[2026-08-13 08:23:34.844] [FK1163546] REMOVER 533490 - TENTATIVA 1: FALHA AO REMOVER USUARIO: {
	"statusCode":	2,
	"statusString":	"Device Busy",
	"subStatusCode":	"deviceBusy",
	"errorCode":	536870916,
	"errorMsg":	"employeeNo"
}
[2026-08-13 08:23:39.904] [FK1163546] REMOVER 533550 - TENTATIVA 1: FALHA AO REMOVER USUARIO: {
	"statusCode":	2,
	"statusString":	"Device Busy",
	"subStatusCode":	"deviceBusy",
	"errorCode":	536870916,
	"errorMsg":	"employeeNo"
}
[2026-08-13 08:23:44.947] [FK1163546] REMOVER 533553 - TENTATIVA 1: FALHA AO REMOVER USUARIO: {
	"statusCode":	2,
	"statusString":	"Device Busy",
	"subStatusCode":	"deviceBusy",
	"errorCode":	536870916,
	"errorMsg":	"employeeNo"
}
[2026-08-13 08:23:49.992] [FK1163546] REMOVER 533569 - TENTATIVA 1: FALHA AO REMOVER USUARIO: {
	"statusCode":	2,
	"statusString":	"Device Busy",
	"subStatusCode":	"deviceBusy",
	"errorCode":	536870916,
	"errorMsg":	"employeeNo"
}
[2026-08-13 08:23:55.060] [FK1163546] REMOVER 533785 - TENTATIVA 1: FALHA AO REMOVER USUARIO: {
	"statusCode":	2,
	"statusString":	"Device Busy",
	"subStatusCode":	"deviceBusy",
	"errorCode":	536870916,
	"errorMsg":	"employeeNo"
}
[2026-08-13 08:24:00.114] [FK1163546] REMOVER 533855 - TENTATIVA 1: FALHA AO REMOVER USUARIO: {
	"statusCode":	2,
	"statusString":	"Device Busy",
	"subStatusCode":	"deviceBusy",
	"errorCode":	536870916,
	"errorMsg":	"employeeNo"
}
[2026-08-13 08:24:05.160] [FK1163546] REMOVER 534000 - TENTATIVA 1: FALHA AO REMOVER USUARIO: {
	"statusCode":	2,
	"statusString":	"Device Busy",
	"subStatusCode":	"deviceBusy",
	"errorCode":	536870916,
	"errorMsg":	"employeeNo"
}
[2026-08-13 08:24:10.220] [FK1163546] REMOVER 534107 - TENTATIVA 1: FALHA AO REMOVER USUARIO: {
	"statusCode":	2,
	"statusString":	"Device Busy",
	"subStatusCode":	"deviceBusy",
	"errorCode":	536870916,
	"errorMsg":	"employeeNo"
}
[2026-08-13 08:24:15.279] [FK1163546] REMOVER 534120 - TENTATIVA 1: FALHA AO REMOVER USUARIO: {
	"statusCode":	2,
	"statusString":	"Device Busy",
	"subStatusCode":	"deviceBusy",
	"errorCode":	536870916,
	"errorMsg":	"employeeNo"
}
[2026-08-13 08:24:20.331] [FK1163546] REMOVER 534191 - TENTATIVA 1: FALHA AO REMOVER USUARIO: {
	"statusCode":	2,
	"statusString":	"Device Busy",
	"subStatusCode":	"deviceBusy",
	"errorCode":	536870916,
	"errorMsg":	"employeeNo"
}
[2026-08-13 08:24:25.387] [FK1163546] REMOVER 534206 - TENTATIVA 1: FALHA AO REMOVER USUARIO: {
	"statusCode":	2,
	"statusString":	"Device Busy",
	"subStatusCode":	"deviceBusy",
	"errorCode":	536870916,
	"errorMsg":	"employeeNo"
}
[2026-08-13 08:24:30.425] [FK1163546] REMOVER 534242 - TENTATIVA 1: FALHA AO REMOVER USUARIO: {
	"statusCode":	2,
	"statusString":	"Device Busy",
	"subStatusCode":	"deviceBusy",
	"errorCode":	536870916,
	"errorMsg":	"employeeNo"
}
[2026-08-13 08:24:35.470] [FK1163546] REMOVER 534476 - TENTATIVA 1: FALHA AO REMOVER USUARIO: {
	"statusCode":	2,
	"statusString":	"Device Busy",
	"subStatusCode":	"deviceBusy",
	"errorCode":	536870916,
	"errorMsg":	"employeeNo"
}
[2026-08-13 08:24:40.515] [FK1163546] REMOVER 534483 - TENTATIVA 1: FALHA AO REMOVER USUARIO: {
	"statusCode":	2,
	"statusString":	"Device Busy",
	"subStatusCode":	"deviceBusy",
	"errorCode":	536870916,
	"errorMsg":	"employeeNo"
}
[2026-08-13 08:24:45.567] [FK1163546] REMOVER 534526 - TENTATIVA 1: FALHA AO REMOVER USUARIO: {
	"statusCode":	2,
	"statusString":	"Device Busy",
	"subStatusCode":	"deviceBusy",
	"errorCode":	536870916,
	"errorMsg":	"employeeNo"
}
[2026-08-13 08:24:50.620] [FK1163546] REMOVER 534543 - TENTATIVA 1: FALHA AO REMOVER USUARIO: {
	"statusCode":	2,
	"statusString":	"Device Busy",
	"subStatusCode":	"deviceBusy",
	"errorCode":	536870916,
	"errorMsg":	"employeeNo"
}
[2026-08-13 08:24:55.681] [FK1163546] REMOVER 534610 - TENTATIVA 1: FALHA AO REMOVER USUARIO: {
	"statusCode":	2,
	"statusString":	"Device Busy",
	"subStatusCode":	"deviceBusy",
	"errorCode":	536870916,
	"errorMsg":	"employeeNo"
}
[2026-08-13 08:25:00.730] [FK1163546] REMOVER 534990 - TENTATIVA 1: FALHA AO REMOVER USUARIO: {
	"statusCode":	2,
	"statusString":	"Device Busy",
	"subStatusCode":	"deviceBusy",
	"errorCode":	536870916,
	"errorMsg":	"employeeNo"
}
[2026-08-13 08:25:05.792] [FK1163546] REMOVER 535042 - TENTATIVA 1: FALHA AO REMOVER USUARIO: {
	"statusCode":	2,
	"statusString":	"Device Busy",
	"subStatusCode":	"deviceBusy",
	"errorCode":	536870916,
	"errorMsg":	"employeeNo"
}
[2026-08-13 08:25:10.859] [FK1163546] REMOVER 535083 - TENTATIVA 1: FALHA AO REMOVER USUARIO: {
	"statusCode":	2,
	"statusString":	"Device Busy",
	"subStatusCode":	"deviceBusy",
	"errorCode":	536870916,
	"errorMsg":	"employeeNo"
}
[2026-08-13 08:25:15.933] [FK1163546] REMOVER 535158 - TENTATIVA 1: FALHA AO REMOVER USUARIO: {
	"statusCode":	2,
	"statusString":	"Device Busy",
	"subStatusCode":	"deviceBusy",
	"errorCode":	536870916,
	"errorMsg":	"employeeNo"
}
[2026-08-13 08:25:20.995] [FK1163546] REMOVER 535171 - TENTATIVA 1: FALHA AO REMOVER USUARIO: {
	"statusCode":	2,
	"statusString":	"Device Busy",
	"subStatusCode":	"deviceBusy",
	"errorCode":	536870916,
	"errorMsg":	"employeeNo"
}
[2026-08-13 08:25:26.048] [FK1163546] REMOVER 535294 - TENTATIVA 1: FALHA AO REMOVER USUARIO: {
	"statusCode":	2,
	"statusString":	"Device Busy",
	"subStatusCode":	"deviceBusy",
	"errorCode":	536870916,
	"errorMsg":	"employeeNo"
}
[2026-08-13 08:25:31.091] [FK1163546] REMOVER 535380 - TENTATIVA 1: FALHA AO REMOVER USUARIO: {
	"statusCode":	2,
	"statusString":	"Device Busy",
	"subStatusCode":	"deviceBusy",
	"errorCode":	536870916,
	"errorMsg":	"employeeNo"
}
[2026-08-13 08:25:36.137] [FK1163546] REMOVER 535435 - TENTATIVA 1: FALHA AO REMOVER USUARIO: {
	"statusCode":	2,
	"statusString":	"Device Busy",
	"subStatusCode":	"deviceBusy",
	"errorCode":	536870916,
	"errorMsg":	"employeeNo"
}
[2026-08-13 08:25:41.177] [FK1163546] REMOVER 535441 - TENTATIVA 1: FALHA AO REMOVER USUARIO: {
	"statusCode":	2,
	"statusString":	"Device Busy",
	"subStatusCode":	"deviceBusy",
	"errorCode":	536870916,
	"errorMsg":	"employeeNo"
}
[2026-08-13 08:25:46.235] [FK1163546] REMOVER 535482 - TENTATIVA 1: FALHA AO REMOVER USUARIO: {
	"statusCode":	2,
	"statusString":	"Device Busy",
	"subStatusCode":	"deviceBusy",
	"errorCode":	536870916,
	"errorMsg":	"employeeNo"
}
[2026-08-13 08:25:51.271] [FK1163546] REMOVER 535536 - TENTATIVA 1: FALHA AO REMOVER USUARIO: {
	"statusCode":	2,
	"statusString":	"Device Busy",
	"subStatusCode":	"deviceBusy",
	"errorCode":	536870916,
	"errorMsg":	"employeeNo"
}
[2026-08-13 08:25:56.316] [FK1163546] REMOVER 535570 - TENTATIVA 1: FALHA AO REMOVER USUARIO: {
	"statusCode":	2,
	"statusString":	"Device Busy",
	"subStatusCode":	"deviceBusy",
	"errorCode":	536870916,
	"errorMsg":	"employeeNo"
}
[2026-08-13 08:26:01.371] [FK1163546] REMOVER 535826 - TENTATIVA 1: FALHA AO REMOVER USUARIO: {
	"statusCode":	2,
	"statusString":	"Device Busy",
	"subStatusCode":	"deviceBusy",
	"errorCode":	536870916,
	"errorMsg":	"employeeNo"
}
[2026-08-13 08:26:06.418] [FK1163546] REMOVER 535835 - TENTATIVA 1: FALHA AO REMOVER USUARIO: {
	"statusCode":	2,
	"statusString":	"Device Busy",
	"subStatusCode":	"deviceBusy",
	"errorCode":	536870916,
	"errorMsg":	"employeeNo"
}
[2026-08-13 08:26:11.471] [FK1163546] REMOVER 535958 - TENTATIVA 1: FALHA AO REMOVER USUARIO: {
	"statusCode":	2,
	"statusString":	"Device Busy",
	"subStatusCode":	"deviceBusy",
	"errorCode":	536870916,
	"errorMsg":	"employeeNo"
}
[2026-08-13 08:26:16.519] [FK1163546] REMOVER 535985 - TENTATIVA 1: FALHA AO REMOVER USUARIO: {
	"statusCode":	2,
	"statusString":	"Device Busy",
	"subStatusCode":	"deviceBusy",
	"errorCode":	536870916,
	"errorMsg":	"employeeNo"
}
[2026-08-13 08:26:21.566] [FK1163546] REMOVER 536119 - TENTATIVA 1: FALHA AO REMOVER USUARIO: {
	"statusCode":	2,
	"statusString":	"Device Busy",
	"subStatusCode":	"deviceBusy",
	"errorCode":	536870916,
	"errorMsg":	"employeeNo"
}
[2026-08-13 08:26:26.612] [FK1163546] REMOVER 536139 - TENTATIVA 1: FALHA AO REMOVER USUARIO: {
	"statusCode":	2,
	"statusString":	"Device Busy",
	"subStatusCode":	"deviceBusy",
	"errorCode":	536870916,
	"errorMsg":	"employeeNo"
}
[2026-08-13 08:26:31.662] [FK1163546] REMOVER 556660 - TENTATIVA 1: FALHA AO REMOVER USUARIO: {
	"statusCode":	2,
	"statusString":	"Device Busy",
	"subStatusCode":	"deviceBusy",
	"errorCode":	536870916,
	"errorMsg":	"employeeNo"
}
[2026-08-13 08:26:36.710] [FK1163546] REMOVER 556687 - TENTATIVA 1: FALHA AO REMOVER USUARIO: {
	"statusCode":	2,
	"statusString":	"Device Busy",
	"subStatusCode":	"deviceBusy",
	"errorCode":	536870916,
	"errorMsg":	"employeeNo"
}
[2026-08-13 08:26:41.745] [FK1163546] REMOVER 556753 - TENTATIVA 1: FALHA AO REMOVER USUARIO: {
	"statusCode":	2,
	"statusString":	"Device Busy",
	"subStatusCode":	"deviceBusy",
	"errorCode":	536870916,
	"errorMsg":	"employeeNo"
}
[2026-08-13 08:26:46.803] [FK1163546] REMOVER 556791 - TENTATIVA 1: FALHA AO REMOVER USUARIO: {
	"statusCode":	2,
	"statusString":	"Device Busy",
	"subStatusCode":	"deviceBusy",
	"errorCode":	536870916,
	"errorMsg":	"employeeNo"
}
[2026-08-13 08:26:51.869] [FK1163546] REMOVER 556823 - TENTATIVA 1: FALHA AO REMOVER USUARIO: {
	"statusCode":	2,
	"statusString":	"Device Busy",
	"subStatusCode":	"deviceBusy",
	"errorCode":	536870916,
	"errorMsg":	"employeeNo"
}
[2026-08-13 08:26:56.917] [FK1163546] REMOVER 557051 - TENTATIVA 1: FALHA AO REMOVER USUARIO: {
	"statusCode":	2,
	"statusString":	"Device Busy",
	"subStatusCode":	"deviceBusy",
	"errorCode":	536870916,
	"errorMsg":	"employeeNo"
}
[2026-08-13 08:27:01.967] [FK1163546] REMOVER 557130 - TENTATIVA 1: FALHA AO REMOVER USUARIO: {
	"statusCode":	2,
	"statusString":	"Device Busy",
	"subStatusCode":	"deviceBusy",
	"errorCode":	536870916,
	"errorMsg":	"employeeNo"
}
[2026-08-13 08:27:07.015] [FK1163546] REMOVER 557148 - TENTATIVA 1: FALHA AO REMOVER USUARIO: {
	"statusCode":	2,
	"statusString":	"Device Busy",
	"subStatusCode":	"deviceBusy",
	"errorCode":	536870916,
	"errorMsg":	"employeeNo"
}
[2026-08-13 08:27:12.073] [FK1163546] REMOVER 557354 - TENTATIVA 1: FALHA AO REMOVER USUARIO: {
	"statusCode":	2,
	"statusString":	"Device Busy",
	"subStatusCode":	"deviceBusy",
	"errorCode":	536870916,
	"errorMsg":	"employeeNo"
}
[2026-08-13 08:27:17.120] [FK1163546] REMOVER 557363 - TENTATIVA 1: FALHA AO REMOVER USUARIO: {
	"statusCode":	2,
	"statusString":	"Device Busy",
	"subStatusCode":	"deviceBusy",
	"errorCode":	536870916,
	"errorMsg":	"employeeNo"
}
[2026-08-13 08:27:22.169] [FK1163546] REMOVER 557381 - TENTATIVA 1: FALHA AO REMOVER USUARIO: {
	"statusCode":	2,
	"statusString":	"Device Busy",
	"subStatusCode":	"deviceBusy",
	"errorCode":	536870916,
	"errorMsg":	"employeeNo"
}
[2026-08-13 08:27:27.208] [FK1163546] REMOVER 557391 - TENTATIVA 1: FALHA AO REMOVER USUARIO: {
	"statusCode":	2,
	"statusString":	"Device Busy",
	"subStatusCode":	"deviceBusy",
	"errorCode":	536870916,
	"errorMsg":	"employeeNo"
}
[2026-08-13 08:27:32.251] [FK1163546] REMOVER 557392 - TENTATIVA 1: FALHA AO REMOVER USUARIO: {
	"statusCode":	2,
	"statusString":	"Device Busy",
	"subStatusCode":	"deviceBusy",
	"errorCode":	536870916,
	"errorMsg":	"employeeNo"
}
[2026-08-13 08:27:37.310] [FK1163546] REMOVER 557396 - TENTATIVA 1: FALHA AO REMOVER USUARIO: {
	"statusCode":	2,
	"statusString":	"Device Busy",
	"subStatusCode":	"deviceBusy",
	"errorCode":	536870916,
	"errorMsg":	"employeeNo"
}
[2026-08-13 08:27:42.382] [FK1163546] REMOVER 557446 - TENTATIVA 1: FALHA AO REMOVER USUARIO: {
	"statusCode":	2,
	"statusString":	"Device Busy",
	"subStatusCode":	"deviceBusy",
	"errorCode":	536870916,
	"errorMsg":	"employeeNo"
}
[2026-08-13 08:27:47.438] [FK1163546] REMOVER 557462 - TENTATIVA 1: FALHA AO REMOVER USUARIO: {
	"statusCode":	2,
	"statusString":	"Device Busy",
	"subStatusCode":	"deviceBusy",
	"errorCode":	536870916,
	"errorMsg":	"employeeNo"
}
[2026-08-13 08:27:52.476] [FK1163546] REMOVER 557491 - TENTATIVA 1: FALHA AO REMOVER USUARIO: {
	"statusCode":	2,
	"statusString":	"Device Busy",
	"subStatusCode":	"deviceBusy",
	"errorCode":	536870916,
	"errorMsg":	"employeeNo"
}
[2026-08-13 08:27:57.529] [FK1163546] REMOVER 557494 - TENTATIVA 1: FALHA AO REMOVER USUARIO: {
	"statusCode":	2,
	"statusString":	"Device Busy",
	"subStatusCode":	"deviceBusy",
	"errorCode":	536870916,
	"errorMsg":	"employeeNo"
}
[2026-08-13 08:28:02.570] [FK1163546] REMOVER 557506 - TENTATIVA 1: FALHA AO REMOVER USUARIO: {
	"statusCode":	2,
	"statusString":	"Device Busy",
	"subStatusCode":	"deviceBusy",
	"errorCode":	536870916,
	"errorMsg":	"employeeNo"
}
[2026-08-13 08:28:07.627] [FK1163546] REMOVER 557551 - TENTATIVA 1: FALHA AO REMOVER USUARIO: {
	"statusCode":	2,
	"statusString":	"Device Busy",
	"subStatusCode":	"deviceBusy",
	"errorCode":	536870916,
	"errorMsg":	"employeeNo"
}
[2026-08-13 08:28:13.695] [FK1163546] REMOVER 557698 - TENTATIVA 1: FALHA AO REMOVER USUARIO: {
	"statusCode":	2,
	"statusString":	"Device Busy",
	"subStatusCode":	"deviceBusy",
	"errorCode":	536870916,
	"errorMsg":	"employeeNo"
}
[2026-08-13 08:28:18.744] [FK1163546] REMOVER 557737 - TENTATIVA 1: FALHA AO REMOVER USUARIO: {
	"statusCode":	2,
	"statusString":	"Device Busy",
	"subStatusCode":	"deviceBusy",
	"errorCode":	536870916,
	"errorMsg":	"employeeNo"
}
[2026-08-13 08:28:23.786] [FK1163546] REMOVER 557785 - TENTATIVA 1: FALHA AO REMOVER USUARIO: {
	"statusCode":	2,
	"statusString":	"Device Busy",
	"subStatusCode":	"deviceBusy",
	"errorCode":	536870916,
	"errorMsg":	"employeeNo"
}
[2026-08-13 08:28:28.835] [FK1163546] REMOVER 557896 - TENTATIVA 1: FALHA AO REMOVER USUARIO: {
	"statusCode":	2,
	"statusString":	"Device Busy",
	"subStatusCode":	"deviceBusy",
	"errorCode":	536870916,
	"errorMsg":	"employeeNo"
}
[2026-08-13 08:28:33.899] [FK1163546] REMOVER 557914 - TENTATIVA 1: FALHA AO REMOVER USUARIO: {
	"statusCode":	2,
	"statusString":	"Device Busy",
	"subStatusCode":	"deviceBusy",
	"errorCode":	536870916,
	"errorMsg":	"employeeNo"
}
[2026-08-13 08:28:38.954] [FK1163546] REMOVER 558085 - TENTATIVA 1: FALHA AO REMOVER USUARIO: {
	"statusCode":	2,
	"statusString":	"Device Busy",
	"subStatusCode":	"deviceBusy",
	"errorCode":	536870916,
	"errorMsg":	"employeeNo"
}
[2026-08-13 08:28:43.995] [FK1163546] REMOVER 558153 - TENTATIVA 1: FALHA AO REMOVER USUARIO: {
	"statusCode":	2,
	"statusString":	"Device Busy",
	"subStatusCode":	"deviceBusy",
	"errorCode":	536870916,
	"errorMsg":	"employeeNo"
}
[2026-08-13 08:28:49.092] [FK1163546] REMOVER 558157 - TENTATIVA 1: FALHA AO REMOVER USUARIO: {
	"statusCode":	2,
	"statusString":	"Device Busy",
	"subStatusCode":	"deviceBusy",
	"errorCode":	536870916,
	"errorMsg":	"employeeNo"
}
[2026-08-13 08:28:54.149] [FK1163546] REMOVER 558166 - TENTATIVA 1: FALHA AO REMOVER USUARIO: {
	"statusCode":	2,
	"statusString":	"Device Busy",
	"subStatusCode":	"deviceBusy",
	"errorCode":	536870916,
	"errorMsg":	"employeeNo"
}
[2026-08-13 08:28:59.200] [FK1163546] REMOVER 558177 - TENTATIVA 1: FALHA AO REMOVER USUARIO: {
	"statusCode":	2,
	"statusString":	"Device Busy",
	"subStatusCode":	"deviceBusy",
	"errorCode":	536870916,
	"errorMsg":	"employeeNo"
}
[2026-08-13 08:29:04.261] [FK1163546] REMOVER 558225 - TENTATIVA 1: FALHA AO REMOVER USUARIO: {
	"statusCode":	2,
	"statusString":	"Device Busy",
	"subStatusCode":	"deviceBusy",
	"errorCode":	536870916,
	"errorMsg":	"employeeNo"
}
[2026-08-13 08:29:09.312] [FK1163546] REMOVER 558241 - TENTATIVA 1: FALHA AO REMOVER USUARIO: {
	"statusCode":	2,
	"statusString":	"Device Busy",
	"subStatusCode":	"deviceBusy",
	"errorCode":	536870916,
	"errorMsg":	"employeeNo"
}
[2026-08-13 08:29:14.361] [FK1163546] REMOVER 558447 - TENTATIVA 1: FALHA AO REMOVER USUARIO: {
	"statusCode":	2,
	"statusString":	"Device Busy",
	"subStatusCode":	"deviceBusy",
	"errorCode":	536870916,
	"errorMsg":	"employeeNo"
}
[2026-08-13 08:29:19.411] [FK1163546] REMOVER 558612 - TENTATIVA 1: FALHA AO REMOVER USUARIO: {
	"statusCode":	2,
	"statusString":	"Device Busy",
	"subStatusCode":	"deviceBusy",
	"errorCode":	536870916,
	"errorMsg":	"employeeNo"
}
[2026-08-13 08:29:24.476] [FK1163546] REMOVER 558639 - TENTATIVA 1: FALHA AO REMOVER USUARIO: {
	"statusCode":	2,
	"statusString":	"Device Busy",
	"subStatusCode":	"deviceBusy",
	"errorCode":	536870916,
	"errorMsg":	"employeeNo"
}
[2026-08-13 08:29:29.529] [FK1163546] REMOVER 558655 - TENTATIVA 1: FALHA AO REMOVER USUARIO: {
	"statusCode":	2,
	"statusString":	"Device Busy",
	"subStatusCode":	"deviceBusy",
	"errorCode":	536870916,
	"errorMsg":	"employeeNo"
}
[2026-08-13 08:29:34.575] [FK1163546] REMOVER 558679 - TENTATIVA 1: FALHA AO REMOVER USUARIO: {
	"statusCode":	2,
	"statusString":	"Device Busy",
	"subStatusCode":	"deviceBusy",
	"errorCode":	536870916,
	"errorMsg":	"employeeNo"
}
[2026-08-13 08:29:39.641] [FK1163546] REMOVER 558739 - TENTATIVA 1: FALHA AO REMOVER USUARIO: {
	"statusCode":	2,
	"statusString":	"Device Busy",
	"subStatusCode":	"deviceBusy",
	"errorCode":	536870916,
	"errorMsg":	"employeeNo"
}
[2026-08-13 08:29:44.679] [FK1163546] REMOVER 558832 - TENTATIVA 1: FALHA AO REMOVER USUARIO: {
	"statusCode":	2,
	"statusString":	"Device Busy",
	"subStatusCode":	"deviceBusy",
	"errorCode":	536870916,
	"errorMsg":	"employeeNo"
}
[2026-08-13 08:29:49.731] [FK1163546] REMOVER 558844 - TENTATIVA 1: FALHA AO REMOVER USUARIO: {
	"statusCode":	2,
	"statusString":	"Device Busy",
	"subStatusCode":	"deviceBusy",
	"errorCode":	536870916,
	"errorMsg":	"employeeNo"
}
[2026-08-13 08:29:54.798] [FK1163546] REMOVER 558962 - TENTATIVA 1: FALHA AO REMOVER USUARIO: {
	"statusCode":	2,
	"statusString":	"Device Busy",
	"subStatusCode":	"deviceBusy",
	"errorCode":	536870916,
	"errorMsg":	"employeeNo"
}
[2026-08-13 08:29:59.865] [FK1163546] REMOVER 559010 - TENTATIVA 1: FALHA AO REMOVER USUARIO: {
	"statusCode":	2,
	"statusString":	"Device Busy",
	"subStatusCode":	"deviceBusy",
	"errorCode":	536870916,
	"errorMsg":	"employeeNo"
}
[2026-08-13 08:30:04.916] [FK1163546] REMOVER 559135 - TENTATIVA 1: FALHA AO REMOVER USUARIO: {
	"statusCode":	2,
	"statusString":	"Device Busy",
	"subStatusCode":	"deviceBusy",
	"errorCode":	536870916,
	"errorMsg":	"employeeNo"
}
[2026-08-13 08:30:09.981] [FK1163546] REMOVER 559166 - TENTATIVA 1: FALHA AO REMOVER USUARIO: {
	"statusCode":	2,
	"statusString":	"Device Busy",
	"subStatusCode":	"deviceBusy",
	"errorCode":	536870916,
	"errorMsg":	"employeeNo"
}
[2026-08-13 08:30:15.035] [FK1163546] REMOVER 559288 - TENTATIVA 1: FALHA AO REMOVER USUARIO: {
	"statusCode":	2,
	"statusString":	"Device Busy",
	"subStatusCode":	"deviceBusy",
	"errorCode":	536870916,
	"errorMsg":	"employeeNo"
}
[2026-08-13 08:30:20.077] [FK1163546] REMOVER 559545 - TENTATIVA 1: FALHA AO REMOVER USUARIO: {
	"statusCode":	2,
	"statusString":	"Device Busy",
	"subStatusCode":	"deviceBusy",
	"errorCode":	536870916,
	"errorMsg":	"employeeNo"
}
[2026-08-13 08:30:25.141] [FK1163546] REMOVER 559636 - TENTATIVA 1: FALHA AO REMOVER USUARIO: {
	"statusCode":	2,
	"statusString":	"Device Busy",
	"subStatusCode":	"deviceBusy",
	"errorCode":	536870916,
	"errorMsg":	"employeeNo"
}
[2026-08-13 08:30:30.201] [FK1163546] REMOVER 559659 - TENTATIVA 1: FALHA AO REMOVER USUARIO: {
	"statusCode":	2,
	"statusString":	"Device Busy",
	"subStatusCode":	"deviceBusy",
	"errorCode":	536870916,
	"errorMsg":	"employeeNo"
}
[2026-08-13 08:30:35.250] [FK1163546] REMOVER 559737 - TENTATIVA 1: FALHA AO REMOVER USUARIO: {
	"statusCode":	2,
	"statusString":	"Device Busy",
	"subStatusCode":	"deviceBusy",
	"errorCode":	536870916,
	"errorMsg":	"employeeNo"
}
[2026-08-13 08:30:40.304] [FK1163546] REMOVER 559817 - TENTATIVA 1: FALHA AO REMOVER USUARIO: {
	"statusCode":	2,
	"statusString":	"Device Busy",
	"subStatusCode":	"deviceBusy",
	"errorCode":	536870916,
	"errorMsg":	"employeeNo"
}
[2026-08-13 08:30:45.346] [FK1163546] REMOVER 559843 - TENTATIVA 1: FALHA AO REMOVER USUARIO: {
	"statusCode":	2,
	"statusString":	"Device Busy",
	"subStatusCode":	"deviceBusy",
	"errorCode":	536870916,
	"errorMsg":	"employeeNo"
}
[2026-08-13 08:30:50.416] [FK1163546] REMOVER 559844 - TENTATIVA 1: FALHA AO REMOVER USUARIO: {
	"statusCode":	2,
	"statusString":	"Device Busy",
	"subStatusCode":	"deviceBusy",
	"errorCode":	536870916,
	"errorMsg":	"employeeNo"
}
[2026-08-13 08:30:55.467] [FK1163546] REMOVER 559931 - TENTATIVA 1: FALHA AO REMOVER USUARIO: {
	"statusCode":	2,
	"statusString":	"Device Busy",
	"subStatusCode":	"deviceBusy",
	"errorCode":	536870916,
	"errorMsg":	"employeeNo"
}
[2026-08-13 08:31:00.524] [FK1163546] REMOVER 559964 - TENTATIVA 1: FALHA AO REMOVER USUARIO: {
	"statusCode":	2,
	"statusString":	"Device Busy",
	"subStatusCode":	"deviceBusy",
	"errorCode":	536870916,
	"errorMsg":	"employeeNo"
}
[2026-08-13 08:31:05.563] [FK1163546] REMOVER 562437 - TENTATIVA 1: FALHA AO REMOVER USUARIO: {
	"statusCode":	2,
	"statusString":	"Device Busy",
	"subStatusCode":	"deviceBusy",
	"errorCode":	536870916,
	"errorMsg":	"employeeNo"
}
[2026-08-13 08:31:10.603] [FK1163546] REMOVER 581944 - TENTATIVA 1: FALHA AO REMOVER USUARIO: {
	"statusCode":	2,
	"statusString":	"Device Busy",
	"subStatusCode":	"deviceBusy",
	"errorCode":	536870916,
	"errorMsg":	"employeeNo"
}
[2026-08-13 08:31:15.658] [FK1163546] REMOVER 581980 - TENTATIVA 1: FALHA AO REMOVER USUARIO: {
	"statusCode":	2,
	"statusString":	"Device Busy",
	"subStatusCode":	"deviceBusy",
	"errorCode":	536870916,
	"errorMsg":	"employeeNo"
}
[2026-08-13 08:49:52.056] [FK2665724] 823661 - TENTATIVA 1: fetch failed
[2026-08-13 08:49:57.206] [FK2665724] 823661 - TENTATIVA 2: fetch failed
[2026-08-13 08:50:02.341] [FK2665724] 823661 - TENTATIVA 3: fetch failed
[2026-08-13 08:50:02.343] [FK2665724] 823661 NAO SINCRONIZADO; SERA TENTADO NO PROXIMO CICLO
[2026-08-13 08:50:13.296] [FK2665724] 824299 - TENTATIVA 1: fetch failed
[2026-08-13 08:50:18.535] [FK2665724] 824299 - TENTATIVA 2: fetch failed
[2026-08-13 08:50:23.680] [FK2665724] 824299 - TENTATIVA 3: fetch failed
[2026-08-13 08:50:23.682] [FK2665724] 824299 NAO SINCRONIZADO; SERA TENTADO NO PROXIMO CICLO
[2026-08-13 08:52:50.240] [FK2665724] 828544 - TENTATIVA 1: fetch failed
[2026-08-13 08:52:55.479] [FK2665724] 828544 - TENTATIVA 2: fetch failed
[2026-08-13 08:53:00.657] [FK2665724] 828544 - TENTATIVA 3: fetch failed
[2026-08-13 08:53:00.658] [FK2665724] 828544 NAO SINCRONIZADO; SERA TENTADO NO PROXIMO CICLO
[2026-08-13 08:53:03.522] [FK2665724] 828751 - TENTATIVA 1: fetch failed
[2026-08-13 08:53:08.901] [FK2665724] 828751 - TENTATIVA 2: fetch failed
[2026-08-13 08:53:14.078] [FK2665724] 828751 - TENTATIVA 3: fetch failed
[2026-08-13 08:53:14.081] [FK2665724] 828751 NAO SINCRONIZADO; SERA TENTADO NO PROXIMO CICLO
[2026-08-13 08:53:16.826] [FK2665724] 829089 - TENTATIVA 1: fetch failed
[2026-08-13 08:53:22.009] [FK2665724] 829089 - TENTATIVA 2: fetch failed
[2026-08-13 08:53:27.158] [FK2665724] 829089 - TENTATIVA 3: fetch failed
[2026-08-13 08:53:27.159] [FK2665724] 829089 NAO SINCRONIZADO; SERA TENTADO NO PROXIMO CICLO
[2026-08-13 08:56:10.025] [FK2665724] 825639 - TENTATIVA 1: fetch failed
[2026-08-13 08:56:15.265] [FK2665724] 825639 - TENTATIVA 2: fetch failed
[2026-08-13 08:56:20.679] [FK2665724] 825639 - TENTATIVA 3: fetch failed
[2026-08-13 08:56:20.683] [FK2665724] 825639 NAO SINCRONIZADO; SERA TENTADO NO PROXIMO CICLO
[2026-08-13 08:56:39.184] [FK2665724] 828571 - TENTATIVA 1: fetch failed
[2026-08-13 08:56:44.336] [FK2665724] 828571 - TENTATIVA 2: fetch failed
[2026-08-13 08:56:49.555] [FK2665724] 828571 - TENTATIVA 3: fetch failed
[2026-08-13 08:56:49.556] [FK2665724] 828571 NAO SINCRONIZADO; SERA TENTADO NO PROXIMO CICLO
[2026-08-13 08:56:50.757] [FK2665724] 828659 - TENTATIVA 1: fetch failed
[2026-08-13 08:56:55.893] [FK2665724] 828659 - TENTATIVA 2: fetch failed
[2026-08-13 08:57:01.027] [FK2665724] 828659 - TENTATIVA 3: fetch failed
[2026-08-13 08:57:01.029] [FK2665724] 828659 NAO SINCRONIZADO; SERA TENTADO NO PROXIMO CICLO
[2026-08-13 08:57:23.714] [FK2665724] 825468 - TENTATIVA 1: fetch failed
[2026-08-13 08:57:28.937] [FK2665724] 825468 - TENTATIVA 2: fetch failed
[2026-08-13 08:57:34.373] [FK2665724] 825468 - TENTATIVA 3: fetch failed
[2026-08-13 08:57:34.375] [FK2665724] 825468 NAO SINCRONIZADO; SERA TENTADO NO PROXIMO CICLO
[2026-08-13 08:57:35.631] [FK2665724] 825674 - TENTATIVA 1: fetch failed
[2026-08-13 08:57:40.989] [FK2665724] 825674 - TENTATIVA 2: fetch failed
[2026-08-13 08:57:47.160] [FK2665724] 825674 - TENTATIVA 3: fetch failed
[2026-08-13 08:57:47.162] [FK2665724] 825674 NAO SINCRONIZADO; SERA TENTADO NO PROXIMO CICLO
[2026-08-13 08:57:59.920] [FK2665724] 827003 - TENTATIVA 1: fetch failed
[2026-08-13 08:58:05.099] [FK2665724] 827003 - TENTATIVA 2: fetch failed
[2026-08-13 08:58:10.282] [FK2665724] 827003 - TENTATIVA 3: fetch failed
[2026-08-13 08:58:10.285] [FK2665724] 827003 NAO SINCRONIZADO; SERA TENTADO NO PROXIMO CICLO
[2026-08-13 08:58:21.466] [FK2665724] 828971 - TENTATIVA 1: fetch failed
[2026-08-13 08:58:26.612] [FK2665724] 828971 - TENTATIVA 2: fetch failed
[2026-08-13 08:58:31.765] [FK2665724] 828971 - TENTATIVA 3: fetch failed
[2026-08-13 08:58:31.766] [FK2665724] 828971 NAO SINCRONIZADO; SERA TENTADO NO PROXIMO CICLO
[2026-08-13 08:58:34.512] [FK2665724] 829118 - TENTATIVA 1: fetch failed
[2026-08-13 08:58:39.655] [FK2665724] 829118 - TENTATIVA 2: fetch failed
[2026-08-13 08:58:44.802] [FK2665724] 829118 - TENTATIVA 3: fetch failed
[2026-08-13 08:58:44.804] [FK2665724] 829118 NAO SINCRONIZADO; SERA TENTADO NO PROXIMO CICLO
[2026-08-13 09:23:43.781] [FK2665724] 828906 - TENTATIVA 1: fetch failed
[2026-08-13 09:23:49.077] [FK2665724] 828906 - TENTATIVA 2: fetch failed
[2026-08-13 09:23:54.381] [FK2665724] 828906 - TENTATIVA 3: fetch failed
[2026-08-13 09:23:54.383] [FK2665724] 828906 NAO SINCRONIZADO; SERA TENTADO NO PROXIMO CICLO
[2026-08-13 09:31:17.869] [FK1163546] 828906 - TENTATIVA 1: fetch failed
[2026-08-13 09:31:23.135] [FK1163546] 828906 - TENTATIVA 2: fetch failed
[2026-08-13 09:31:28.419] [FK1163546] 828906 - TENTATIVA 3: fetch failed
[2026-08-13 09:31:28.420] [FK1163546] 828906 NAO SINCRONIZADO; SERA TENTADO NO PROXIMO CICLO
[2026-08-13 09:46:29.418] [FK2665724] 828906 - TENTATIVA 1: fetch failed
[2026-08-13 09:46:34.671] [FK2665724] 828906 - TENTATIVA 2: fetch failed
[2026-08-13 09:46:40.136] [FK2665724] 828906 - TENTATIVA 3: fetch failed
[2026-08-13 09:46:40.139] [FK2665724] 828906 NAO SINCRONIZADO; SERA TENTADO NO PROXIMO CICLO
[2026-08-13 10:30:06.975] [FK1163546] 828906 - TENTATIVA 1: fetch failed
[2026-08-13 10:30:12.201] [FK1163546] 828906 - TENTATIVA 2: fetch failed
[2026-08-13 10:30:17.483] [FK1163546] 828906 - TENTATIVA 3: fetch failed
[2026-08-13 10:30:17.484] [FK1163546] 828906 NAO SINCRONIZADO; SERA TENTADO NO PROXIMO CICLO
[2026-08-13 10:58:28.251] [FK1163546] 581192 - TENTATIVA 1: fetch failed
[2026-08-13 11:07:37.401] [FK2665724] 828906 - TENTATIVA 1: fetch failed
[2026-08-13 11:07:42.713] [FK2665724] 828906 - TENTATIVA 2: fetch failed
[2026-08-13 11:07:47.956] [FK2665724] 828906 - TENTATIVA 3: fetch failed
[2026-08-13 11:07:47.957] [FK2665724] 828906 NAO SINCRONIZADO; SERA TENTADO NO PROXIMO CICLO
[2026-08-13 11:07:52.138] [FK1163546] 828906 - TENTATIVA 1: fetch failed
[2026-08-13 11:07:57.457] [FK1163546] 828906 - TENTATIVA 2: fetch failed
[2026-08-13 11:08:02.715] [FK1163546] 828906 - TENTATIVA 3: fetch failed
[2026-08-13 11:08:02.717] [FK1163546] 828906 NAO SINCRONIZADO; SERA TENTADO NO PROXIMO CICLO
[2026-08-13 11:09:10.540] [FK2665724] 828906 - TENTATIVA 1: fetch failed
[2026-08-13 11:09:15.814] [FK2665724] 828906 - TENTATIVA 2: fetch failed
[2026-08-13 11:09:21.117] [FK2665724] 828906 - TENTATIVA 3: fetch failed
[2026-08-13 11:09:21.118] [FK2665724] 828906 NAO SINCRONIZADO; SERA TENTADO NO PROXIMO CICLO
[2026-08-13 11:09:22.478] [FK1163546] 828906 - TENTATIVA 1: fetch failed
[2026-08-13 11:09:27.818] [FK1163546] 828906 - TENTATIVA 2: fetch failed
[2026-08-13 11:09:33.092] [FK1163546] 828906 - TENTATIVA 3: fetch failed
[2026-08-13 11:09:33.093] [FK1163546] 828906 NAO SINCRONIZADO; SERA TENTADO NO PROXIMO CICLO
[2026-08-13 11:10:37.438] [FK2665724] 828906 - TENTATIVA 1: fetch failed
[2026-08-13 11:10:42.729] [FK2665724] 828906 - TENTATIVA 2: fetch failed
[2026-08-13 11:10:48.023] [FK2665724] 828906 - TENTATIVA 3: fetch failed
[2026-08-13 11:10:48.025] [FK2665724] 828906 NAO SINCRONIZADO; SERA TENTADO NO PROXIMO CICLO
[2026-08-13 11:10:49.416] [FK1163546] 828906 - TENTATIVA 1: fetch failed
[2026-08-13 11:10:54.715] [FK1163546] 828906 - TENTATIVA 2: fetch failed
[2026-08-13 11:11:00.011] [FK1163546] 828906 - TENTATIVA 3: fetch failed
[2026-08-13 11:11:00.014] [FK1163546] 828906 NAO SINCRONIZADO; SERA TENTADO NO PROXIMO CICLO
[2026-08-13 11:12:04.982] [FK2665724] 828906 - TENTATIVA 1: fetch failed
[2026-08-13 11:12:10.280] [FK2665724] 828906 - TENTATIVA 2: fetch failed
[2026-08-13 11:12:15.643] [FK2665724] 828906 - TENTATIVA 3: fetch failed
[2026-08-13 11:12:15.645] [FK2665724] 828906 NAO SINCRONIZADO; SERA TENTADO NO PROXIMO CICLO
[2026-08-13 11:12:17.229] [FK1163546] 828906 - TENTATIVA 1: fetch failed
[2026-08-13 11:12:22.583] [FK1163546] 828906 - TENTATIVA 2: fetch failed
[2026-08-13 11:12:28.065] [FK1163546] 828906 - TENTATIVA 3: fetch failed
[2026-08-13 11:12:28.066] [FK1163546] 828906 NAO SINCRONIZADO; SERA TENTADO NO PROXIMO CICLO
[2026-08-13 11:13:33.747] [FK2665724] 828906 - TENTATIVA 1: fetch failed
[2026-08-13 11:13:38.994] [FK2665724] 828906 - TENTATIVA 2: fetch failed
[2026-08-13 11:13:44.223] [FK2665724] 828906 - TENTATIVA 3: fetch failed
[2026-08-13 11:13:44.224] [FK2665724] 828906 NAO SINCRONIZADO; SERA TENTADO NO PROXIMO CICLO
[2026-08-13 11:13:45.530] [FK1163546] 828906 - TENTATIVA 1: fetch failed
[2026-08-13 11:13:51.020] [FK1163546] 828906 - TENTATIVA 2: fetch failed
[2026-08-13 11:13:56.346] [FK1163546] 828906 - TENTATIVA 3: fetch failed
[2026-08-13 11:13:56.347] [FK1163546] 828906 NAO SINCRONIZADO; SERA TENTADO NO PROXIMO CICLO
